trench,unit,zone,liters,total flot,Adonis sp.,Alkanna sp.,Anchusa sp.,Astragalus frigonella sp.,Avena sp.,Avena sp. frag.,Boraginaceae sp.,Calendula sp.,Capparis sp.,Celtis sp. tournifortii ,cf. Colchicum/polygonatum,Coriandrum sp.,Cruciferae sp. (+seeds + capsules),culm nodes indet. (+frags),Echium sp.,Erodium sp.,Fumaria sp.,Gallium sp.,glume base indet.,Gramineae indet.,Gramineae indet. frags.,Hordeum vulgare ssp.,Hordeum vulgare ssp. Distichum,Hordeum vulgare ssp. Distichum frag.,Hordeum vulgare ssp. spontaneum,Hordeum vulgare ssp. spontaneum frag.,H. vulgare ssp. Distichum rachis (+frags.),indet. frag.,L. officinale,"Lathyrus (S, M, L)","Leguminosae (S, M, L)",Leguminosae frag.,Lens sp.,lens sp. frag.,Liliaceae sp.,Lithospermum arvense (+cf. apulum),Lithospermum arvense frag.,Malva parviflora,Medicago sp.,cf. Medicago frag.,Monocotylidonae (+ capsules),Phalaris sp.,Pistacia cf. lentiscus,Pistacia cf. lentiscus frags.,Pisum cf. elatius,Pisum/Vicia (+Pisum of all sizes),Polygonum sp.,Prunus amygdalus,Prunus amygdalus frag.,Pyrus amygdaloformis,Pyrus amygdaloformis frag.,rachis frag. indet.,Schoenus nigricans,seed indet.,seed indet. frag,sp. no. 1 ,spikelet fork indet. (+frags),Teucrium sp. ,Triticum sp.,T. cf. aestivum/durum,Triticum turgidum ssp. dicoccum (+terminals),Triticum turgidum ssp. dicoccum frag.,T. turgidum ssp. dicoccum spkt. fks.,T. turgidum ssp. dicoccum terminal spikelet forks,T. turgidum ssp. dicoccum glume bases,Triticum monococcum,Triticum monococcum frag.,Triticum monococcum spkt. fks.,Triticum monococcum spikelet fork,Uthospennum dlicinale,Vicia ervilia,Vicia/Lathyrus sp.,Vitis vinifera ssp. sylvestris,Vitis vinifera ssp. sylvestris frag.,Triticum sp. SUM (no frags.),Hordeum vulgare SUM (no frags)
FAN,120,VII,266,92.6,,2,,,,,,,,,,,,,,,,,1,,,,19,,,,,,,,,1,2,,,3,,,,,,,,,,,,3,,,,,,,,,,,,,4,,,,,,1,,,,,,,,4,19
FAN,121,VII,266,129.7,,,,,,,,,,,,,1,,,,,,,,4,,4,10,,,,,,,,2,3,,,6,,,,,,,,4,,,,3,,,,,,1,,,1,,,,12,4,,,,,2,,,,,,,,12,4
FAN,122,VII,299,149.9,,2,,,,,,,,,,,1,,,,,,7,,5,,8,20,,,,,,1,,,1,,,19,,,,,,,,,,,,7,,,,1,,,,,6,,,,21,3,41,3,2,19,1,4,,,,,,,90,8
FAN,123,VII,202,180.4,,,,,,,,,,,,,,,,,,,,,,,3,6,,,,1,,1,1,,,,,3,,,,,,,,,,,,13,,,,,,,,,3,,,,5,2,,,,,,,,,,1,,,5,3
FAN,124,VII,29,255.6,,,,,,,,,,,,,,,,,,,,,,,,,,,,,,,,,1,,,3,,,,,,,,,,,,10,,,,,,,1,,,,,,5,,,,,,,,,,,,,,5,0
FAN,125,VII,79,44.3,,1,,,,,,,,,,,,,,,,,,,,,,,,,,,,,,,,,,1,,,,,,,,,,,,6,,,,,,,,,2,,,,4,,1,,,,,,,,,,,,5,0
FAN,126,VII,29,83.5,,,,,,,,,,,,,,,,,,,,,5,,6,,,,2,,,1,,,,,,6,,,,,,,,,,,,11,,,,,,,,,,,,,3,,,,,,,,,,,,,,3,6
FAN,127,VII,277,1177.6,,,,,,,,,,,,,,,,,,,,7,,,1,4,,,,1,,1,7,,2,,,4,,,,,,,,,,,,10,,,,,,,,,,,,,2,1,13,,,,,,,,,2,,,15,1
FAN,128,VII,63,107.1,,,,,,,,,,,,,5,,,,,,2,,,,2,,,,,,,,1,,,,,3,,,3,,,,5,,,,,12,,,,,,,,,4,,,,14,,,,,,,,,,,1,,,14,2
FAN,129,VII,266,795.2,,1,,,,,,,,,,,10,,,,,,2,,,,5,13,,,,,,1,4,,11,,,5,,,8,,,,1,,,,,14,,1,,,,,,,4,1,,,31,1,2,,,3,,,,,,5,,,36,5
FAN,130,VII,80,67,,,,,,,,,,,,,3,,,,,,,,,,2,,,,,,,,,,,,,2,,,4,,,,,,,,,3,,,,,,,,2,2,1,,,1,,,,,,,,,,,,,,1,2
FAN,131,VIIb,465,227.3,,,,,,,,,,,,,4,3,,,,,,,,,8,6,,,3,,,4,14,,2,,,11,,,13,,,,,5,,,,18,,,,,,,,,,,,,7,6,2,,,1,,,1,,,,,,11,8
FAN,132,VIIb,168,185.5,,2,,,,,,,,,,,3,1,,,1,,,,,,24,9,,,,,,,1,,2,,,13,,,13,,,,,,,,,7,,,,,,,,,,,,,3,,,,,1,,,,,,,,,4,24
FAN,133,VIIb,14,77.3,,,,,,,,,,,,,1,1,,,,,,,,,3,,,,,,,,2,,2,,,1,,,,,,,,2,,1,,7,,,,,,,,,,,,,2,,,,,,,,,,,1,,,2,3
FAN,134,VIIb,64,227.5,,,,,,,,,,,,,1,1,,,,,,,,,1,5,,,,,,,,,,,,6,,,6,,,,1,,,,,7,,,,,1,,,,,,,,,,,,,,,,,,,,,,0,1
FAN,135,VIIb,44,33.8,,,,,,,,,,,,,,,,,,,,,,,,,,,,,,,,,,,,,,,,,,,,,,,,1,,,,,,,,,,,,,,,,,,,,,,,,1,,,0,0
FAN,136,VIIb,199,320.1,,,,,,,,,,,,,,,,,,,,,,,2,,,,,,,,,,,,,2,,,3,,,,,,,1,,9,,,,,,,,,,,,,,,,,,,,,,,,1,,,0,2
FAN,137,VIIb,166,103.9,1,2,,,,,,,,,,,5,,4,,,,,,,,3,4,,,,,,,1,,1,,,3,,,9,,,,1,5,,,,,6,,,,,,,,,,,,2,,,,,,,,,,,1,,,2,3
FAN,138,VIIa,29,10,,,,,,,,,,,,,,,,,,,,,1,,,,,,,,,,,,,,,,,,,,,,1,,,,,,,,,,,,,,,,,,,,,,,,,,,,,,,,0,0
FAN,139,VIIa,58,5.1,,,,,,,,,,,,,,,,,1,3,,,,,3,,,,,,,,,,3,,,1,,,,,,,,,,,,,,,,,,,,,,,,,1,,,,,,,,,,,,,,1,3
FAN,140,VIIa,73,10.1,,,,,,,,,,,,,,,1,,,,,,,,2,,,,,,,,1,,1,,,1,,,,,,,,,,,,,,,,,,,,,,,,,,,,,,,,,,,,,,,0,2
FAN,141,VIIa,55,5,,,,,,,,,,,,,,,,,,,,,,,,,,,,,,,,,,,,3,,,,,,,1,,,,,,,,,,,,,,,,,,1,,,,,,,,,,,,,,1,0
FAN,142,VIIa,88,22.4,,1,,,,,,,,,,,,,,,,,,,,,4,,,,,,,,,,6,,,,,,,,,,,,,,,,,,,,,,,,,,,,1,,,,,,,,,,,,,,1,4
FAN,143,VIIa,182,8.5,,1,,,,,,,,,,,,,,,,,,,,,2,,,,,,,,,,1,,,1,,,,,,,,,,,,,,,,,,,,,,,,,,,,,,,,,,,,,,,0,2
FAN,144,VIIa,199,5.2,,,,,,,,,,,,1,,,,,,,,,,,8,2,,,,,,,,,5,,,,,,,,,,,,,,,,,,,,,,,,,,,,1,,,,,,,,,,,,,,1,8
FAN,145,VIIa,75,5,,,,,,,,,,,,,,,,,,,,,,,,1,,,,,,,,,,,,,,,,,,,,,,,,,,,,,,,,,,,,,1,,,,,,,,,,,,,,1,0
FAN,146,VIIa,398,15.5,,,,,,,,,,,,,,,,,1,,,,,,18,,,,,,,,3,,37,,,5,,,,,,,,,,,,,,,,,,,,,1,,,,3,,,,,,,,,,1,,,,3,18
FAN,147,VIIa,31,5,,,,,,,,,,,,,,,,,,,,,,,1,,,,,,,,,,,,,1,,,,,,,,,,,,,,,,,,,,,,,,,,,,,,,,,,,,,,,0,1
FAN,148,VIIa,110,3.9,,,,,,,,,,,,,,,,,,,,,,,2,2,,,,,,,,,17,,,,,,,,,,,2,,,,,,,,,,,,,,,,,1,,,,,,,,,,,,,,1,2
FAN,149,,25,0,,,,,,,,,,,,,,,,,,,,,,,,,,,,,,,,,,,,,,,,,,,,,,,,,,,,,,,,,,,,,,,,,,,,,,,,,,,0,0
FAN,150,VI,249,1.1,,,,,,1,,,,,,,,,,,,,,,,,,,,,,,,,,,,,,,,,,,,,,,,,,,,,,,,,,,,,,,1,,,,,,,,,,,,,,1,0
FAN,151,VI,199,8.8,,,,,,,,,,,,,,,,,,,,,,,,,,,,,,,,,,,,,,,,,,,,,,,,,1,,,,,,,,,,,,1,,,,,,,,,,,,,,1,0
FAN,152,,,,,,,,,,,,,,,,,,,,,,,,,,,,,,,,,,,,,,,,,,,,,,,,,,,,,,,,,,,,,,,,,,,,,,,,,,,,,,0,0
FAN,153,,76,0.1,,,,,,,,,,,,,,,,,,,,,,,,,,,,,,,,,,,,,,,,,,,,,,,,,,,,,,,,,,,,,,,,,,,,,,,,,,,0,0
FAN,154,VI,85,5,,1,,,,,,,,,,,,,,,,,,,,,,,,,,,,,,,,,,,,,,,,,,,,,,,,,,,,,,,,,,,,,,,,,,,,,,,,,0,0
FAN,155,VI,12,0.3,,,,,,,,,,,,,,,,,,,,,,,,,,,,,,,1,,,,,,,,,,,,,,,,,,,,,,,,,,,,,,,,,,,,,,,,,,,,0,0
FAN,156,VI,93,1.7,,,,,,,,,,,,,,,,,,,,,,,,,,,,,,,,,,,,,,,,,,,,,,,,,,,,,,,,,,,,,1,,,,,,,,,,,,,,1,0
FAN,157,,43,0.5,,,,,,,,,,,,,,,,,,,,,,,,,,,,,,,,,,,,,,,,,,,,,,,,,,,,,,,,,,,,,,,,,,,,,,,,,,,0,0
FAN,158,,96,1.5,,,,,,,,,,,,,,,,,,,,,,,,,,,,,,,,,,,,,,,,,,,,,,,,,,,,,,,,,,,,,,,,,,,,,,,,,,,0,0
FAN,159,V/VI,32,1.6,,,,,,,,,,,,,,,,,,,,,1,,,,,,,,,,,,,,,1,,,,,,,,,,,,,,,,,,,,,,,,,,,,,,,,,,,,,,,0,0
FAN,160,V/VI,70,3.9,,,,,,,,,,,,,,,,,,,,,,,,,,,,,,,,,,,,,,,,,,,,,,,,,2,,,,,,,,,,,,,,,,,,,,,,,,,,0,0
FAN,161,V/VI,131,11.3,,1,,,4,,,,,,,,,1,,,,,,,,,,2,,,,,,,,,,,,,,,,,,,,,,,,1,,1,,,,,,,,,,,3,,,,,,,,,,,,,,3,0
FAN,162,V/VI,66,5.7,,,,,,,,,,,,,,,,,,,,,,,,,,,,,,,,,,,,,,,,,,,,,,,,,7,,,,,,,,,,,,6,,,,,,,,,,,,,,6,0
FAN,163,V/VI,299,14.9,,,,,1,,,,,,,1,,,,,,,,,,,,1,,,,,,1,1,,,,,,,,,,,,,,,,,1,,,,,,,,,,,,,3,1,,,,,,,,,,,,,3,0
FAN,164,V/VI,176,17.7,,3,,,,,,,,,,,,,,,,,,,1,,,,,,,,,,,,,,,,,,,,,,,1,,,,,2,,,,,,,,,,,,,,,,,,,,,,,,,,0,0
FAN,165,V/VI,132,8.2,,,,,2,,,,,,,,,1,,,,,,,,,,,,,,,,,,,,,,,,,,,,,,,,,,,8,,,,,,,,,,,,,,,,,,,,,,,,,,0,0
FAN,166,V/VI,62,10,,,,,3,,,,,,,,,,,,,,,,,,,,,,,,,,,,,,,,,,,,,,,,,,,1,,,,,,,,,,,,,,,,,,,,,,,,,,,0,0
FAN,167,V/VI,132,6.7,,,,,2,,,,,,,,,,,,,,,,,,,,,,,,,,,,,,,,,1,,,,,,,,,,,,,,,,,,,,,,,,,,,,,,,,,,,,,0,0
FAN,168,,,,,,,,,,,,,,,,,,,,,,,,,,,,,,,,,,,,,,,,,,,,,,,,,,,,,,,,,,,,,,,,,,,,,,,,,,,,,,0,0
FAN,169,V/VI,62,10.2,,1,,,2,,,,,,,,,,,,,,,,,,,,2,,,,,2,,,,,,,,,,,,,1,3,,,,,,1,,,,,,,,,,,1,,,,,,,,,,,,,,1,2
FAN,170,V,284,23.5,,,,,,,,,,,,,,,,,,,,,,,,,,,,,,,,,,,,,,,,,,,,,,1,,1,,,,,,,,,,,,,,,,,,,,,,,,,,,0,0
FAN,171,,22,1.6,,,,,,,,,,,,,,,,,,,,,,,,,,,,,,,,,,,,,,,,,,,,,,,,,,,,,,,,,,,,,,,,,,,,,,,,,,,0,0
FAN,172,V,423,26.4,,2,,,,,,,,,,,,,,,,,,,,,,,,,,,,,,1,,,,,,,,,,,1,,,,,,,,,,,,,,,,,,,,,,,,,,,,,1,,,0,0
FAN,173,V,107,60.7,,1,,,1,,,,,,,,,,,,,,,,,,,,2,,,,,2,2,,,,,,,,,,,,8,,,,,3,,,,,,,,,,,,,,,,,,,,,,,,1,,,0,2
FAN,174,V,42,20.7,,,,,,,,,,,,,,,,,,,,,,,,,,,,,,,,,3,,1,,,,,,,,3,1,,,,1,,2,,,,,,,,,,,,,,,,,,,,,,1,,,0,0
FAN,175,V,137,40.6,,1,,,,,,,,,,,,,,,,,,,,,,,,,,,,,,,5,,1,,,,,,,,1,2,,,,2,,2,,,,,,,,,,,,,,,,,,,,,,,,,0,0
FAN,176,V,210,128.7,,,,,1,,,,,,,,,,,,,,,,,,,,1,,,,,,,,,,,,,,,,,,5,5,,,,5,,,,,,,,,,,,,,,,,,,,,,,,,,,0,1
FAN,177,,,,,,,,,,,,,,,,,,,,,,,,,,,,,,,,,,,,,,,,,,,,,,,,,,,,,,,,,,,,,,,,,,,,,,,,,,,,,,0,0
FAN,178,V,11,5.4,,,,,,,,,,,,,,,,,,,,,,,,,,,,,,,,1,,,,,,,,,,,,,,,,,3,,,,,,,,,,,,,,,,,,,,,,,,,,0,0
FAN,179,V,88,167,,6,,,,,,,,,,,,,,,,,,,,,,,,,,,,2,,,4,,1,1,,,,,,,,5,,,,3,,,,,,,,,,,,,,,,,,,,,,,1,,,,0,0
FAN,180,V,82,47.4,,,,,,,,,,,,,,,,,,,,,,,,,,,,,,,,,1,,,,,,,,,,,1,,,,,1,,,,,,,,,,,,,,,,,,,,,,,,,,0,0
FAN,181,V,28,17.4,,,,,,,,,,,,,,,,,,,,,,,,,,,,,,,,,,,1,,,,,,,,,,,,,,2,,,,,,,,,,,,,,,,,,,,,,,,,,0,0
FAN,182,,,,,,,,,,,,,,,,,,,,,,,,,,,,,,,,,,,,,,,,,,,,,,,,,,,,,,,,,,,,,,,,,,,,,,,,,,,,,,0,0
FAN,183,V,24,39.9,,,,,,,,,,,,,,,,,,,,,,,,,,,,,,,,,,,,,,,,,,,4,1,,1,,3,,,,,,,,,,,,,,,,,,,,,,,1,,,,0,0
FAN,184,V,32,0.1,,,,,,,,,,,,,,,,,,,,,,,,,,,,,,,,,,,,,,,,,,,,,,,,,1,,,,,,,,,,,,,,,,,,,,,,,,,,0,0
FAN,185,,,,,,,,,,,,,,,,,,,,,,,,,,,,,,,,,,,,,,,,,,,,,,,,,,,,,,,,,,,,,,,,,,,,,,,,,,,,,,0,0
FAN,186,V,196,59.3,,1,,,,,,,,,,,,,,,,,,,,,,,,,,,,,,,,,,,,,,,,,1,,,,,1,,,,,,,,,,,,,,,,,,,,,,,,,,,0,0
FAN,187,IV/V,274,138.6,,,,,,,,,,,,,1,,,,,,,,,,,,,,,,,,,,1,,1,3,,,,,,,1,3,,,,3,,,,,,,,,,,,,,,,,,,,,,,,,,,0,0
FAN,188,IV/V,72,19.6,,,,,,,,,,,,,,,,,,,,,,,,,,,,,,,,,,,,7,,,,,,,1,,,,,,12,,,,,,,,,,,,,,,,,,,,,,,,,,0,0
FAN,189,IV/V,83,76.5,,,,,,,,,,,,,,,,,,,,,,,,,,,,,,1,2,,2,,,2,,,,,1,,6,6,,,,10,,,,,,,,,,,,,,,,,,,,,,,,,,,0,0
FAN,190,IV/V,20,31.2,,,,,,,,,,,,,,,,,,,,,,,,,,,,,,,,,,,,,,,,,,,,,,,,,3,,,,,,,,,,,,,,,,,,,,,,,,,,0,0
FAN,191,IV/V,118,90.7,,1,,,,,,,,,,,,,,,,,,,,,,,,,,,,,,,,,,2,,,,,,,1,,,,,2,,,,,,,,,,,,,,,,,,,,,,,,,,,0,0
FAN,192,,,,,,,,,,,,,,,,,,,,,,,,,,,,,,,,,,,,,,,,,,,,,,,,,,,,,,,,,,,,,,,,,,,,,,,,,,,,,,0,0
FAN,193,IV/V,42,3.8,,,,,,,,,,,,,,,,,,,,,,,,,,,,,,,,,,,,,,,,,,,,,,,,1,,,,,,,,,,,,,,,,,,,,,,,,,,,0,0
FAN,194,IV,34,47.3,,,,,3,,,,,,,,1,,,,,,,,,,,,,,,,,,,,5,,1,38,,,1,,,,21,,,,,13,,,,,,,,,,,,,,,,,,,,,,,,2,,,0,0
FAN,195,IV,32,67.1,,,,,,,,,,,,,,,,,,,,,,,,,,,,,,,,,4,,,80,,,1,,,,7,,,,,3,,,,,,,,,,,,,,,,,,,,,,,,,,,0,0
FAN,196,V,173,131.2,,2,,,2,6,,,,,,,,,,,,,,,,,,,1,,,,,,2,,13,,1,107,,1,1,,,,38,,,,,36,,4,,,,,,,,,,,,,,,,,,,,,,,,,0,1
FAN,197,III,5,3.9,,,,,,,,,,,,,,,,,,,,,,,,,,,,,,,,,,,,,,,,,,,,,,,,2,,,,,,,,,,,,,,,,,,,,,,,,,,,0,0
FAN,198,III,211,198.6,2,3,,,134,,,,1,,5,,5,,,1,1,,,,1,,,,,7,,,,1,5,,12,103,18,1,6,,,,,1,140,,1,2,,123,,10,,,,,,,,,,,,,,,,,,,,,,7,,,0,0
FAN,199,III,76,5.6,,,,,7,2,,,,,,,1,,,,,,,,,,,,,,,,,,,,5,,1,,,,,,,,5,4,,,,2,,,,,,,,,,,,,,,,,,,,,,,,,,,0,0
FAN,200,III,164,47.4,,,,,41,,,,,,2,,1,,,,,,,,,,,,1,3,,,,,3,,42,,7,,,,,,,,40,,,,,29,,4,,,,,,,,,,,,,,,,,,,,,,,,,0,1
FAN,201,III,84,85.9,,,,,74,,,,5,,17,,3,,,,,,,,,,,,,2,,,,,,,71,,17,,,,,,,,201,,,1,,87,,14,,,,,,,,,,,,,,,,,,,,,,2,,,0,0
FAN,202,III,93,32.8,,1,,,48,,,,4,,1,,2,,,,,,,,,,,,1,2,,,,,3,,40,,2,,,,2,,2,2,99,,,1,,17,,2,,,,,,,,,,,,,,,,,,,,,,,,,0,1
FAN,203,III,52,28.3,1,1,,,18,21,,,,,2,,2,,,,1,,,,,,,,,,,,,1,,,25,,2,,,,1,,,,56,,,1,,20,,6,,,,,,,,,,,,,,,,,,,,,,5,,,0,0
FAN,204,III,36,17.8,,,,,5,16,,,,,,,,,,,1,,,,,,,,,,,,,,1,,,,,,,,2,,,,14,,,,,13,,,4,,,,,,,,,,,,,,,,,,,,,,,,0,0
FAN,205,III,85,26,1,,,,17,,,,,,2,,2,,,,,,,,,,,,1,,,,,,4,,11,,3,,,,,,,,31,,,,,12,,,,,,,,,,,,,,,,,,,,,,,,,,,0,1
FAN,206,III,21,23.8,,,,,23,2,,,2,,1,,,,,,1,,,,,,,,,,,,,,4,,9,,4,,,,1,,,,41,,,,,39,,1,,,,,,,,,,,,,,,,,,,,,,,,,0,0
FAN,207,III,122,53.6,,1,,,160,,,,1,,8,,5,,,,2,,,,,,,,,3,,,,,11,,72,,25,2,,,1,,,3,284,,1,5,,67,,9,,,,,,,,,,,,,,,,,,,,,,,,,0,0
FAN,208,III,69,82.6,,,,,131,,,,1,,2,,,,,,2,,,,,,,,,9,,,,2,5,,75,,4,1,,1,,,,,100,,1,3,,43,,3,,,,,,,,,,,,,,,,,,,,,,3,,,0,0
FAN,209,,,,,,,,,,,,,,,,,,,,,,,,,,,,,,,,,,,,,,,,,,,,,,,,,,,,,,,,,,,,,,,,,,,,,,,,,,,,,,0,0
FAN,210,III,18,30,1,,,,43,,,,,,2,,,,,,,,,,,,,,2,,,,,1,8,,18,,7,6,,,2,,,,72,,,2,,28,,1,,,,,,,,,,,,,,,,,,,,,,1,,,0,2
FAN,211,III,564,381.3,,,,,87,,,,,,,,2,,,,,1,,,,,,,2,4,,,,,2,,29,,3,,,,,,,,239,,,,,253,,14,,,,,,,,,,,,,,,,,,,,,,,,,0,2
FAN,212,III,564,288.3,4,,,,163,,,,11,,6,,7,,,,1,,,,,,,,1,12,,,,,3,,66,,35,2,,,,,,,373,,,,,77,,33,,,,,,,,,,,,,,,,,,,,,,,,,0,1
FAN,213,III,46,27.5,1,,,,12,,,,2,,1,,2,,,,3,,,,,,,,1,,,,,,,,4,,,1,,,,,,,71,,,,,17,,17,,,,,,,,,,,,,,,,,,,,,,,,,0,1
FAN,214,III,11,12.2,,,,,,1,,,2,,,,,,,,,,,,,,,,,,,,,,,,,,,,,,,,,1,3,,,,,6,,1,,,,,,,,,,,,,,,,,,,,,,,,,0,0
FAN,215,III,146,152,2,,,,91,,,,8,,,,5,,,,,,,,,,,,3,,,,,,3,,27,,1,5,,,,,,,186,,,1,,48,,27,,,,,,,,,,,,,,,,,,,,,,4,,,0,3
FAN,216,III,55,101.4,1,1,,,26,,,,4,,,,2,,,,1,,,,,,,,,,,,,,1,,8,,1,23,,,,,,,115,,,,,59,,14,,,,,,,,,,,,,,,,,,,,,,,,,0,0
FAN,217,III,62,28.7,,,,,15,,,,,,,,,,,,,,,,,,,,,,,,,,,,2,,,21,,,,,,,69,,,,,9,,3,,,,,,,,,,,,,,,,,,,,,,,,,0,0
FAN,218,III,176,121.6,,,,,,,,,,,,,,,,,,,,,,,,,,,,,,,,,,,,,,,,,,,,,,,,165,,,,,,,,,,,,,,,,,,,,,,,,,,,0,0
FAN,219,III,247,274.9,2,3,,,,,,,7,,3,,2,,,,6,,,,,,,,2,,,,,1,7,,13,,6,3,,1,,,,,527,,,,,209,,10,,,,,,,,,,,,,,,,,,,,,,3,,,0,2
FAN,220,III,19,13.6,1,,,,21,,,,,,1,,1,,,,,,,,,,,,,,,,,,1,,4,,1,,,,1,,,,57,,,,,8,,2,,,,,,,,,,,,,,,,,,,,,,,,,0,0
FAN,221,III,317,192.1,4,,,,145,,,,15,,1,,3,,,1,7,,,,,,,,2,,,,,1,17,,19,,18,,,1,,,,2,378,,1,,1,108,,24,,,,,,,,,,,,,,,,,,,,,,,,,0,2
FAN,222,III,599,204.6,2,,,,110,,,,15,,,,7,,,,5,,,,,,,,,1,,,,,,,21,,11,,,1,2,,,,69,,,,,18,,32,,,,,,,,,,,,,,,,,,,,,,,,,0,0
FAN,223,,,,,,,,,,,,,,,,,,,,,,,,,,,,,,,,,,,,,,,,,,,,,,,,,,,,,,,,,,,,,,,,,,,,,,,,,,,,,,0,0
FAN,224,III,176,132.2,2,,,,59,,,,8,,1,,4,,,,1,,,,,,,,,8,,,,,5,,4,,3,2,,,,,,,147,,,,,62,,37,,,,,,,,,,,,,,,,,,,,,,1,,,0,0
FAN,225,III,31,27.6,,,,,10,,,,,,,,1,,,,,,,,,,,,,,,,,,,,3,,2,,,,1,,,,21,,,,,15,,8,,,,,,,,,,,,,,,,,,,,,,,,,0,0
FAN,226,III,220,182,1,,,,82,,,,6,1,,,1,,,,1,,,,,,,,,2,,,,,1,,12,,3,1,,,,,,,275,,,,,80,,52,,,,,,,,,,,,,,,,,,,,,,,,,0,0
FAN,227,III,25,20.3,,,,,3,1,,,,,,,,,,,,,,,,,,,,,,,,,,,,,1,,,,,,,,15,,,,,4,,9,,,,,,,,,,,,,,,,,,,,,,,,,0,0
FAN,228,III,54,50.6,,,,,3,,,,,,,,1,,,,,,,,,,,,,,,,,,,,2,,,,,,1,,,,42,,,,,16,,4,,,,,,,,,,,,,,,,,,,,,,,,,0,0
FAN,229,III,250,127.1,,1,,,33,,,,5,1,,,1,,,,,,,,,,,,,,,,,,,,,,,1,,,,,,,88,,,,,55,,,,,,,,,,,,,,,,,,,,,,,,,,,0,0
FAN,230,III,529,491.3,,3,,,33,,,,2,,,,4,,,,1,,,,,,,,2,,,,,,2,,9,,4,,,,,,,,355,,,,,180,,41,,,,,,,,,,,,,,,,,,,,,,,,,0,2
FAS,59,,,,,,,,,,,,,,,,,,,,,,,,,,,,,,,,,,2,,,,,,,,,,,,,,,,,,,,,,,,,,,,,,,,,,,,,,,,,,,,0,0
FAS,61,,,,,1,,,,,,,,,,,,,,,,,,,,,,,,,,,,,,,,,,,,,,,,,,,,,,,,,,,,,,,,,,,,,,,,,,,,,,,,,0,0
FAS,64,,,,,,,,,,,,,,,,,,,,,,,1,,,,,,,,,,,1,,,,,,,,,,,,,,,,,,,,,,,,,,,,,,,,,,,,,,,,,,,,0,0
FAS,66,,,,,,,,,,,,,,,,,,,,,,,1,,,,,,,,,,,1,,,,,,,,,,,,,,,,,,,,,,,,,,,,,,,,,,,,,,,,,,,,0,0
FAS,67,,,,,,,,,,,,,,,,,,,,,,,,,,,,,,,,,,1,,,,,,,,,,,,,,,,,,,,,,,,,,,,,,1,,,,,,,,,,,,,,1,0
FAS,69,,,,,,,,,,,,,,,,,,,,,,,,,,1,,,,,,,,2,,,,,,,,,,,,,,,,,,,,,,,,,,,,,,1,,,,,,,,,,,,,,1,1
FAS,71,,,,,1,,,,,,,,,,,,,,,,,,,,,,,,,,,,,,,,,,1,,,,,,,,,,,,,,,,,,,,,,,,,,,,,,,,,,,,,,,0,0
FAS,73,VII,272,102.7,,6,,,,,,,,,,,,,,,,,3,,39,,13,,,,,,,,,,,,,1,,,1,,,,1,,,,1,1,,,,,,,,,1,,,,4,,,,,,,,,,,,,,4,13
FAS,74,VII,257,128.8,,,,,,,,,,,,,1,,,,,,,,51,,9,10,,,,,,,,,3,,,,,,7,,,,,,,,,,1,,,,,,,,,,,,6,,,,,,,,,,,,,,6,9
FAS,75,VII,45,106.4,,,,,,,,,,,,,2,1,,,,,1,,36,,2,,,,,,,,,,,,,1,,,2,,,,,,,,,,4,,,,,,,,,,,,6,,,,,,,,,,,,,,6,2
FAS,76,VII,129,801.2,,,,,,,,,,,,,,1,,,,,1,,44,,5,3,,,,,,,,,2,,,1,,,,,,,,,,,,,6,,,,,,,,,,,,17,3,,,,,,,,,,,,,17,5
FAS,77,VII,62,89.5,,,,,,,,,,,,,,,,,,,,,21,,2,,,,,,,,2,,2,,,,,,,,,,,,,,,,,,,,,,,,,,,,2,,,,,,,,,,,,1,,2,2
FAS,78,VII,58,73,,,,,,,,,,,,,,,,,,,,,42,,3,1,,,,,,1,1,,3,,,4,,,3,,,,,6,,,1,,1,,,,,,,,,,,,4,,,,,,,,,,,,,,4,3
FAS,79,VII,54,91.6,,,,,,,,,,,,,1,,,,,,,,34,,4,3,,,,,,,6,,5,,,1,,,3,,,,,,,,,1,,,,,,,,,,,,,2,,,,,,,,,,,,,,2,4
FAS,80,VII,30,21.2,,,,,,,,,,,,,,,,,,,,,11,,,,,,,,,1,,,,,,,,,,,,,,,,,,,,,,,,,,,,,,,2,,,,,,,,,,,,,,2,0
FAS,81,VII,98,411.1,,,,,,,,,,,,,,,,,,,,,37,,4,4,,,,,,,3,,3,,,1,,,3,,,,,,,,,,3,,,,,,,,,,,,7,,,,,,,,,,,,,,7,4
FAS,82,VII,220,222.8,,,,1,,,2,,,,,1,20,,6,,,,,,87,,9,,,,,,,1,2,,2,,,27,,,455,,,,,,,,,,3,,,,,3,,,,,,,3,1,,,,,,,,,,,,,3,9
FAS,83,VII,37,401,,,,,,,,,,,,,3,,,,,,,,47,,3,2,,,,,,,1,,1,,,1,,,44,,,,1,2,,,,1,,,,,,,,,,,,,4,,,,,1,,,,,,,,,5,3
FAS,84,VII,43,439.3,,,,,,,,,,,,,,,,,,,,,,,3,4,,,,,,,,4,,,,2,,,,,,,,,,,,1,,,,,,,,,,,,,1,1,,,,,,,,,,,,,1,3
FAS,85,VII,56,216.1,,,,,,,,,,,,,7,1,,,,,1,,40,,1,,,,,,,3,2,,4,,,2,,,104,,,,,4,,,,2,,,,,,,2,,,,,,4,,,,,,,,,,,,2,,4,1
FAS,86,VII,99,276.3,,,,,,,,,,,,,,,,,,,,,64,,10,6,,,,,,,1,,3,,,,,,4,,,,1,26,,,,2,,3,,,,,,,4,,,,3,,,,,,,,,,,,,,3,10
FAS,87,VII,31,69.6,,,,,,,,,,,,,,,1,,,,,,20,,1,3,,,,,,,,,3,,,3,,,5,,,,5,,,,,3,,,3,,,,,,1,,,,,,,,,,,,,,,,,,0,1
FAS,88,VII,14,61.5,,,,,,,,,,,,,,1,,,,,,,19,,3,1,,,1,,,,,,,,,1,,,10,,,,2,6,,,,,,,,,,,,,,,,,3,,,,,,,,,,,,,,3,3
FAS,89,VII,183,464.8,,,,,,,,,,,,,,,,,,,,,62,,5,3,,,,,,3,,,6,,,1,,,8,,,,2,,,,,5,,,,,,,,,2,,,,9,,,,,,,,,,,,,,9,5
FAS,90,VII,86,937.9,,,,,,,,,,,,,,,,,,,3,,42,,7,6,,,,,,,3,,2,,,4,,,9,,,,,,,,,4,,,,,,,,,,,,,5,1,,,,,,,,,,,,,5,7
FAS,91,VII,60,862,,,,,,,,,,,,,1,,,,,,8,,62,,9,14,,,1,,,,,,1,,,,,,4,,,,,3,,,,2,,,,,,,2,,3,,,,12,2,4,,,3,,2,,,,,,,21,9
FAS,92,VII,7,80.5,,,,,,,,,,,,,,1,,,,,,,11,,2,5,,,1,,,,,,,,,1,,,,,,,,2,,,,1,,,,,,,1,,,,,,,,,,,,,,,,,,,,0,2
FAS,93,VII,109,345.2,,,,,,,,,,,,,,,,,,,,,36,,,,,,,,,,,,2,,,,,,7,,,,,2,,,,1,,,,,,,,,,,,,2,,,,,,,,,,,,,,2,0
FAS,94,VII,89,176.3,,,,,,,,,,,,,1,,,,,,,,,,4,8,,,,,,,,,1,,,,,,,,,,,3,,,,,6,,,,,,,,,,,,,,,,,,,,,,,,,,0,4
FAS,95,VII,34,39.4,,,,,,,,,,,,,,,,,,,,,,,1,,,,,,,,3,,1,,,,,,1,,,,,2,,1,,1,,,,,,,2,,,,,,3,,,,,,,,,,1,,,,3,1
FAS,96,VII,27,69.7,,,,,,,,,,,,,,1,1,,,,,,5,,11,18,,,1,,,,,,1,,,1,,,,,,,,1,,,,4,,,,,,,2,,,,,,5,,,,,,,,,,,,,,5,11
FAS,97,VII,35,22.2,,,,,,,,,,,,,,1,,,,,,,,,,2,,,,,,,,,,,,,,,,,,,,,,,,,,,,,,,,,,,,,1,,,,,,,,,,,,,,1,0
FAS,98,VII,210,318.8,,,,,,,,,,,,,2,,,,2,,,,13,,10,6,,,,,,,1,,2,,1,3,,,11,,,,,1,,,,5,,,,,,,,,,,,,4,,,2,,2,,,,,,,,,8,10
FAS,99,VII,74,428.2,,,,,,,,,,,,,2,2,,,1,,3,,,,1,3,,,,,,1,,,6,,,,,,8,,,,,1,,,,5,,,,,,,,,,,,,5,,2,,,,,4,,,,,,,11,1
FAS,100,VII,30,135.3,,,,,,,,,,,,,,,,,,,,,44,,17,22,,,,,,3,5,,14,,,,,,4,,,,1,,,,,5,,,,,,,,,,,,,35,7,,,,5,,9,,,,1,,,49,17
FAS,101,VII,69,78,,,,,,,,,,,,,1,,,,,,,,5,,2,5,,,1,,,,,,1,,,1,,,4,,,,,1,,,,2,,,,,,,2,,3,1,,,4,1,1,,,1,,,,,,,,,6,2
FAS,102,VII,89,165.6,,,,,,,,,,,,,6,,,,,,4,,11,,7,12,,,,,,2,,,8,,,,,,2,,,,1,,,,,14,,,,,,,1,,2,,,,5,4,2,,1,1,,1,,,,,,,10,7
FAS,103,VII,100,250,,,,,,,,,,,,,4,,,,,,,,20,,5,3,,,,,,1,,,4,,,1,,,13,,1,,,2,,,,4,,3,,,,,3,,,,,,4,2,2,,,1,,1,,,,,,,8,5
FAS,104,VII,73,357.9,,,,,,,,,,,,,2,,,,1,,,,83,,17,11,,,,,,3,17,,24,,,4,,,6,,,,,8,,,,7,,,,,,,,,,,,,30,9,,,,3,,6,,,,2,3,,39,17
FAS,105,VII,17,0,,,,,,,,,,,,,,,,,,,,,,,,,,,,,,,,,,,,,,,,,,,,,,,,,,,,,,,,,,,,,,,,,,,,,,,,,,,0,0
FAS,106,VII,17,250,,,,,,,,,,,,,3,,,,,,2,,10,,5,,,,,,,3,10,,11,,1,,,,14,,,,10,,,,,14,,,,,,,1,,2,,,,10,,,,,5,,,,,1,,,,15,5
FAS,107,VII,46,279.9,,,,,,,,,,,,,13,,,,,,,,8,,7,,,,1,,,,2,,4,,,,,,5,,,,,5,,,,10,,,,,,,,,3,,,,4,,3,,,,,5,,,,,,,12,7
FAS,108,VII,27,77.8,,,,,,,,,,,,,4,,,,,,13,,5,,2,4,,,1,,,,2,,2,,,1,,,16,,,,,18,,,,10,,,,,,,3,,,,,,2,,1,,,,,8,,,,,,,11,2
FAS,109,VII,167,285.3,,1,,,,,,,,,,,12,,2,,,,6,,13,,,,,,2,,,3,,,2,,,1,,,,,,,5,,,,,5,,1,,,,,2,,,,,,3,,,,,,,,,,,1,,,3,0
FAS,110,VII,60,17.7,,,,,,,,,,,,,,,3,,,,,,2,,,,,,,,,1,,,,,,,,,2,,,,,,,,,,,,,,,,1,,,,,,2,,,,,,,,,,,,,,2,0
FAS,111,VII,82,99.4,,,,,,,,,,,,,1,,17,,,,,,5,,3,5,,,,,,,,,1,,,6,,,4,,,,,1,,,,3,,,,,,,,,,,,,2,,,,,,,1,,,,,,,3,3
FAS,112,VII,145,35.7,,,,,,,,,,,,,3,,35,,,,,,4,,1,2,,,,,1,1,,,,,,13,,,14,,,,,,,1,,,5,,,,,,,,,,,,3,,,,,,,,,,,,,,3,1
FAS,113,VII,91,12.1,,2,,,,,1,,,,,,2,,7,,,,,,,,,,,,,,,,,,,,,1,,,1,,,,,,,,,,,,,,,,,,,,,,,,,,,,,,,,,,,,0,0
FAS,114,VII,82,5.6,,,,,,,,,,,,,,,,,,,,,,,,,,,,,,,,,,,,,,,2,,,,,,,,,1,,,,,,,,,,,,,1,,,,,,,,,,,,,,1,0
FAS,115,,,,,,,,,,,,,,,,,,,,,,,,,,,,,,,,,,,,,,,,,,,,,,,,,,,,,,,,,,,,,,,,,,,,,,,,,,,,,,0,0
FAS,116,VII,432,196.8,,1,,,2,,5,,,,,,7,,10,,,,,,2,,6,3,,,,,,,,,2,,,12,,,5,,,,2,,,,,2,,,,,,,2,,,,,,3,,,,,,,,,,,3,,,3,6
FAS,117,VII,586,237.9,,,,,,,,,,,,,1,,,,,,1,,18,,4,8,,,,,,2,,,1,,,16,,,2,,,2,,,,,,1,,1,,,,,1,,10,,,,18,2,1,,,2,2,,,,,,,,21,4
FAS,118,VII,216,75.7,,2,,,,,,,,,,,,,,,,,1,,14,,2,,,,,,,,,,,,,24,,,,,,,,,,,,,9,,,,,,,,,,,,6,,2,1,1,5,,,,,,,,,15,2
FAS,119,VII,185,88.8,,,,,,,,,,,,,,,,,,,1,,20,,2,,,,,,,1,2,,1,,,11,,,,,,,5,,,,,5,,1,,,,,1,,,,,,6,1,3,,1,,,2,,,,,,,12,2
FAS,120,VII,308,414.1,,2,,,,2,,,,,,,10,,,,,,,,21,,8,6,,,1,,,,18,,7,,,8,,,11,,,,,,,,,24,,1,,,,,5,,1,,3,7,24,,,,,,,,,,2,4,,,34,8
FAS,121,VII,62,360.2,,,,,,,,,,,,,12,,,,,,,,30,,,9,,,,,,,10,,4,,,6,,,11,,,,,,,4,,27,,,,,,,5,,,,,,25,3,,,,,,1,,,,4,,,26,0
FAS,122,VII,308,385.3,,1,,,,,,,,,,,7,,,,,,,,9,,1,1,,,,,,,8,,2,,,3,,,25,,,,,,,1,,14,,,,,,,6,,2,,,,4,,,,,1,,,,,,1,,1,5,1
FAS,123,VII,278,453.5,,1,,,,,,,,,,,1,,,,,,1,,23,,1,4,,,,,,,,,,,,9,,,20,,,,1,,,1,,18,,,,,,,5,,,,,,1,1,,,,1,,1,,,,,,,3,1
FAS,124,VII,301,284.1,,1,,,,,,,,,,,4,,3,,,,,,13,,3,,,,,,,1,2,,,,3,12,,,1,,,,1,,,,,12,,,,,,,2,,,,,,2,1,,,,1,,,,,,1,,,3,3
FAS,125,VII,34,15.5,,,,,,,,,,,,,,,,,,,,,,,,,,,,,,,,,,,,,,,,,,,,,,,,,2,,,,,,,,,,,,,,,,,,,,,,,,,,0,0
FAS,126,VII,126,55.7,,,,,,,,,,,,,4,,1,,,,,,8,,2,,,,,,,,,,2,,,1,,,5,,,,,1,,,,9,,,,,,,,,,,,,7,1,,,,,,,,,,,,,7,2
FAS,127,,,,,,,,,,,,,,,,,,,,,,,,,,,,,,,,,,,,,,,,,,,,,,,,,,,,,,,,,,,,,,,,,,,,,,,,,,,,,,0,0
FAS,128,VII,216,10.7,,1,2,,,,,,,,,,,,,,,,,,,,,,,,,,,,7,,13,,,1,,,,,,,,,,,,,,,,,,,,,,,,,3,5,,,,,,,,,,,,,3,0
FAS,129,,,,,,,,,,,,,,,,,,,,,,,,,,,,,,,,,,,,,,,,,,,,,,,,,,,,,,,,,,,,,,,,,,,,,,,,,,,,,,0,0
FAS,130,VI/VII,222,6.6,,,,,,,,,,,,,,,,,,,,,14,,1,1,,,,,,,,,5,19,,,,,,,,,,,,,,,,,,,,,,,,,,,1,,,,,,,,,,,,,,1,1
FAS,131,VI/VII,203,3.9,,,,,,,,,,,,,,,,,,,,,,,,4,,,,,,,,,9,,,,,,,,,,,,,,,,,,,,,,2,,,,,,,,,,,,,,,,,,,,0,0
FAS,132,VI/VII,58,0.5,,,1,,,,,,,,,,,,,,,,,,1,,,,,,,,,,,,,,,3,,,,,,,,,,,,,,,,,,,,,,,,,,,,,,,,,,,,,,,0,0
FAS,133,VI,35,0.1,,,,,,,,,,,,,,,,,,,,,,,,,,,,,,,,,,,,,,,,,,,,,,,,,,,,,,,,,,,,,,,,,,,,,,,,,,,0,0
FAS,134,VI,73,0.6,,,,,,,,,,,,,,,,,,,,,,,,,,,,,,,,,,,,,,,,,,,,,,,,,1,,,,,,,,,,,,,,,,,,,,,,,,,,0,0
FAS,135,VI,65,1.8,,,,,,,,,,,,,,,,,,,,,,,,,,,,,,,,,,,,,,,,,,,,,,,,,,,,,,,,,,,,,,,,,,,,,,,,,,,0,0
FAS,136,VI,173,7.1,,,,,,,,,,,,,2,,,,,,,,,,2,,,,,,,,,,,,,,,,,,,,,,,,,,2,,,,,,,,,,,,,,,,,,,,,,,,,,0,2
FAS,137,VI,151,3,,,,,,,,,,,,,,,,,,,,,,,,,,,,,,,,,,,,1,,,,,,,,,,,,,2,,,,,,,,,,,,,,,,,,,,,,,,,,0,0
FAS,138,VI,86,3.9,,,,,,,,,,,,,,,,,,,,,,,,,,,,,,,,,3,,,,,,,,,,,,,,,,2,,,,,,,,,,,,,,,,,,,,,,,,,,0,0
FAS,139,VI,108,2.4,,,,,,,,,,,,,,,,,,,,,1,,,,,,,,,,,,1,,,,,,,,,,,,,,,,,,,,,,,,,,,,,,,,,,,,,,,,,,0,0
FAS,140,VI,121,12,,,,,,,,,,,,,1,,,,,,,,,,1,,,,,,,,,,1,,,,,,,,,,,,,,,,3,,,,,,,,,,,,,,,,,,,,,,,,,,0,1
FAS,141,VI,6,2.6,,1,,,,,,,,,,,,,,,,,,,,,,,,,,,,,,,,,,,,,,,,,,,,,,,,,,,,,,,,,,,,,,,,,,,,,,,,,0,0
FAS,142,,,,,,,,,,,,,,,,,,,,,,,,,,,,,,,,,,,,,,,,,,,,,,,,,,,,,,,,,,,,,,,,,,,,,,,,,,,,,,0,0
FAS,143,VI,154,10,,,,,,,,,,,,,,,,,,,,,,,,,,,,,,,,,1,,,,,,,1,,,,,,,,,,,,,,,,,,,,,1,,,,,,,,,,,,,,1,0
FAS,144,VI,123,13.7,,4,,,,,,,,,,,,,,,,,,,6,,,,,,,,,,,,,,,,,,,,,,,,,,,1,,,,,,,,,,,,,,,,,,,,,,,,,,,0,0
FAS,145,VI,401,26.3,,,,,,,,,,,,,,,,,,,,,5,,,,,,,,,,,,,,,,,,,,,,,,,,,1,,,,,,,1,,,,,,10,1,,,,,,,,,,2,,,10,0
FAS,146,V/VI,308,8.3,,1,,,3,,,,,,,,,,,,,,,,7,,,,,,,,,,,,2,,,,,,,,,,1,,,,1,,8,,,,,,,,,,,,,,,,,,,,,,,,,,0,0
FAS,147,,,,,,,,,,,,,,,,,,,,,,,,,,,,,,,,,,,,,,,,,,,,,,,,,,,,,,,,,,,,,,,,,,,,,,,,,,,,,,0,0
FAS,148,V,154,20.8,,1,,,16,,,,7,,,,,,,,,,,,,,,,,,,,,,,,,,,,,,7,,,,2,,,,,3,,,,,,,,,,,,,,,,,,,,,,,,,,,0,0
FAS,149,V,163,10.7,,2,,,5,3,,,2,,,,,,,,,,,,12,,,,2,,,,,,,,1,,,,,,,,,,7,,,,,,4,,,,,,,,1,,,,,,,,,,,,,,,,,,0,2
FAS,150,V,10,59.7,,,,,,,,,,,,,,1,,,,,,,4,,,,,,,,,,7,,2,,,,,,,,,,,,,,,4,,,,,,,,,,,,,,,,,,,,,,,,1,,,0,0
FAS,151,V,463,48.9,1,2,,,14,10,,,,,,,,,,,,,,,,,,,,,,,,,,,1,,,,,,,,,,,,,,,3,,,,,,,,,,,,,,,,,,,,,,,,,,,0,0
FAS,152,,,,,,,,,,,,,,,,,,,,,,,,,,,,,,,,,,,,,,,,,,,,,,,,,,,,,,,,,,,,,,,,,,,,,,,,,,,,,,0,0
FAS,153,V,103,16.8,,,,,2,3,,,,,,,,2,,,,,,,,,,,,,,,,,2,,1,,,,,,,,,,,,,,,2,,,,,,,,,,,,,,,,,,,,,,,,,,,0,0
FAS,154,V,243,71.3,,,,,1,,,,,,,,,,,,,,,,,,,,,,,,,,,3,,,,,,,,,,,,,,,,2,,,,,,,,,,,,,,,,,,,,,,,,,,,0,0
FAS,155,V,59,54.4,,,,,1,,,,,,,,,,,,,,,,,,,,,,,,,2,,,6,,,,,,,,,,,12,,,,6,,,,,,,,,,,,,,,,,,,,,,,1,1,,,0,0
FAS,156,V,390,59.1,,,,,,,,,,,,,1,,,,,,,,,,,,,1,,,,,3,,,,,1,,,,,,,14,,,,,4,,,,,,,,,,,,,,,,,,,,,,,,,,,0,0
FAS,157,V,50,67.4,,,,,,,,,,,,,,,,,,,,,,,,,,,,,,,,,,,2,1,,,,,,,1,,,,,6,,,,,,,,,,,,,,,,,,,,,,,,,,,0,0
FAS,158,V,18,23.7,,,,,1,,,,,,,,,,,,,,,,,,,,,,,,,,,,,,,1,,,,,,,1,2,,,,3,,,,,,,,,,,,,,,,,,,,,,,,1,,,0,0
FAS,159,V,184,20.2,,1,,,,,,,,,,,,2,,,,,,,,,,,,,,,,,,,3,,,,,,,,,,,,,,,3,,,,,,,,,,,,,,,,,,,,,,,1,1,,,0,0
FAS,160,IV/V,18,5.8,,,,,1,,,,,,,,,,,,,,,,,,,,,,,,,,,,,,,1,,,,,,,,,,,,3,,,,,,,,,,,,,,,,,,,,,,,,,,,0,0
FAS,161,IV/V,21,144.6,,,,,,,,,,,,,,,,,,,,,,,,,,,,,,,,2,1,,,,,,,,,,,,,,,7,,,,,,,,,,,,,,,,,,,,,,,,,,,0,0
FAS,162,IV/V,51,255.7,,,,,3,,,,,,,1,,,,,,,,,,,,,,,,,,,1,,1,,2,5,,,,,,,1,,,,,15,,,,,,,3,,,,,,,,,,,,,,,,,2,,,0,0
FAS,163,IV/V,42,30.9,,,,,,,,,,,,,,2,,,,,,,,,,,,,,,,,,,,,,,,,,,,,,,,,,3,,,,,,,,,,,,,,,,,,,,,,,,,,,0,0
FAS,164,IV/V,21,79.2,,,,,2,1,,,,,,,,,,,,,,,,,,,,,,,,,,,,,,,,,,,,,1,,,,,3,,,,,,,,,,,,,,,,,,,,,,,,,,,0,0
FAS,165,IV/V,53,83.4,,,,,,,,,,,,,,,,,,,,,,,,,,,,,,,,,2,,1,18,,,1,,,,3,12,,,,4,,,,,,,,,,,,,,,,,,,,,,,,,,,0,0
FAS,166,IV/V,41,92.1,,,,,3,4,,,,,,,,,,,,,,,,,,,,,,,,,,,,,,14,,,,,,,7,10,,,,8,,,,,,,,,,,,,,,,,,,,,,,,,,,0,0
FAS,167,IV/V,42,72.3,,,,,,,,,,,,,,,,,,,,,,,,,,,,,,,3,,,,,12,,,,,,,1,1,,,,9,,1,,,,,5,,,,,,,,,,,,,,,,,2,,,0,0
FAS,168,IV,84,101.7,,,,,1,,,,,,,,,,,,,,,,,,,,,,,,,,,,3,,1,82,,,,,,,7,6,,,,10,,1,,,,,,,,,,,,,,,,,,,,,,,,,0,0
FAS,169,IV,16,7.2,,,,,,,,,,,,,,,,,,,,,,,,,,,,,,,,,,,1,13,,,,,,,,,,,,,16,2,,,,,,,,,,,,,,,,,,,,,,,,,0,0
FAS,170,IV,148,154.3,,1,1,,29,4,,,,,,,,,,,,,,,,,,,1,2,,,,,,,,,1,963,,2,,,,,12,,,,,25,,,,,,,,,,,,,,,,,,,,,,,,1,,,0,1
FAS,171,IV,60,79.3,,,,,4,5,,,9,,,,,1,,,,,,,,,,,,,,,,,,,1,,,91,,,,,,,10,,,,,3,,1,,,,,12,,,,,,,,,,,,,,,,,,,,0,0
FAS,172,IV,216,235.2,1,9,4,,12,7,,1,,,,,,1,,,,,,,1,,,,,,,,4,,15,,4,,4,2404,,6,,,,2,25,,,1,,15,,2,,,,,11,,,,,,,,,,,,,,,,,1,,,0,0
FAS,173,IV,20,74.4,,2,,,4,,,,,,,,,,,,,,,,,,,,,,,,,,,,1,,,451,,,,,,,5,,,,,8,,,,,,,1,,,,,,,,,,,,,,,,,,,,0,0
FAS,174,IV,139,288.1,,4,,,30,,,,,,2,,1,,,,,,,,1,,,,1,,,,,1,2,,9,,,245,,,,,,,103,,,,,46,,,14,,,,7,,,,,,,,,,,,,,,,,4,,,0,1
FAS,175,IV,112,75.6,,,,,15,,,,,,,,,,,,,,,,,,,,,,,,,1,2,,10,,,60,,,,,,,35,,,2,,10,,4,,,,,4,,,,,,,,,,,,,,,,,,,,0,0
FAS,176,ΙΙΙ,649,351.3,,,,,24,174,,,,,4,,,,,,,,,,,,,,1,15,,,,3,5,,102,,,,,,,,,4,18,,,2,,151,,,,,,,10,,,,,,,,,,,,,,,,,4,,,0,1
FAS,177,ΙΙΙ,346,602.4,2,1,,,78,,,,,,2,,,,,,,,,,,,,,2,2,,,,1,35,,74,,2,,,,,,,4,139,,,3,,342,,49,,,,,,,,,,,,,,,,,,,,,,4,,,0,2
FAS,178,ΙΙΙ,14,103.4,4,1,,,207,,,,,,7,,,,,,,,,,15,,,,13,,,,,1,23,,105,,33,2,,,2,,,6,316,,,,,137,,120,,,,,,,,,,,,,,,,,,,,,,7,,,0,13
FAS,179,ΙΙΙ,277,492.3,1,,,,120,,,,10,,7,,3,,,5,,,,,9,,,,1,5,,,,4,43,,65,,6,3,,1,,,,1,167,,,,,150,,54,,,,,,,,,,,,,,,,,,,,,,10,,,0,1
FAS,180,ΙΙΙ,214,352.1,1,,,,68,,,,4,,13,,1,,,,1,,,,,,,,,5,,,,,27,,16,,,2,,,1,,,,222,,,,,101,,32,,,,,,,,,,,,,,,,,,,,,,,,,0,0
FAS,181,ΙΙΙ,151,59,,,,,18,,,,1,,1,,1,,,,,,,,,,,,,,,,,,7,,2,,,,,1,,,,,140,,,,,27,,12,,,,,,,,,,,,,,,,,,,,,,,,,0,0
FAS,182,ΙΙΙ,381,252.3,1,,,,33,,,,3,,2,,,,,,,,,,,,,,7,,,,,,6,,11,,,,,1,,,,,144,,,,,86,,24,,,,,,,,,,,,,,,,,,,,,,,,,0,7
FAS,183,ΙΙΙ,143,79.4,2,,,,34,,,,1,,2,,2,,,,3,,,,,,,,3,,,,,,,,5,,3,1,,1,,,,,51,,,2,,50,,21,,,,,,,,,,,,,,,,,,,,,,,,,0,3
FAS,184,ΙΙΙ,450,433.2,3,,,,92,,,,11,,,,2,,,,1,,,,,,,,6,,,,,,19,,13,,4,2,,1,,,,2,320,,,1,,130,,,,,,,,,,,,,,,,,,,,,,,,3,,,0,6
FAS,185,ΙΙΙ,346,269.1,,,,,64,,,1,13,,,,4,,,,2,,,,,,,,3,,,,,,4,,6,,6,7,,,,,,,135,,,,,37,,24,,,,,,,,,,,,,,,,,,,,1,,,,,0,3
FAS,186,ΙΙΙ,277,212.6,,,,,13,,,,5,,,,3,,,,,,,,,,,,,1,,,,1,3,,2,,,,,1,,,,1,224,,,,,72,,,,,,,14,,,,,,,,,,,,,,,,,,,,0,0
FAS,187,ΙΙΙ,277,250.3,1,,,,36,,,,1,,,,7,,,,,,,,,,,,1,,,,,,9,,7,,2,2,,,,,,,122,,,,,99,,23,,,,,,,,,,,,,,,,,,,,,,,,,0,1
FAS,188,ΙΙΙ,277,372.5,2,,,,4,,,,,,1,,,1,,,,,,,,,,,3,,,,,,,6,6,,,,,,,,,,277,,,,,1,,37,,,,,,,,,,,,,,,,,,,,,,,,,0,3
FAS,189,ΙΙΙ,346,210,1,,,,61,,,,1,1,,,1,,,,1,,,,,,,,2,,,,,,13,,10,,,3,,,,,,1,359,,,1,2,80,,16,2,,,,,,,,,,,,,,,,,,,,,,,,0,2
FAS,190,ΙΙΙ,312,267.9,,,,,29,,,,1,,,,6,,,,,,,,,,,,,3,,,,,5,,3,,,,,,1,,,,343,,,,,83,,11,,,,,,,,,,,,,,,,,,,,,,,,,0,0
FAS,191,ΙΙΙ,381,449.5,,,,,114,,,,1,,,,6,,,,,,,,,,,,2,11,,,,,6,,2,,,,,,2,,,,906,,,,,133,,7,,,,,,,,,,,,,,,,,,,,,,,,,0,2
FAS,192,ΙΙΙ,346,409.5,1,3,,,349,,,,2,,1,,11,,,,2,,,,,,,,1,19,,,,,1,,18,,3,,,1,1,,,1,808,,,,3,170,,10,,,,,,,,,,,,,,,,,,,,,,,1,,0,1
FAS,193,ΙΙΙ,30,28.2,,1,,,11,,,,,,,,,,,,,,,,,,,,1,,,,,,,,,,,,,,,,1,,222,,,,,20,,2,,,,,,,,,,,,,,,,,,,,,,,,,0,1
FAS,194,ΙΙΙ,28,57.8,,2,,,213,,,,1,,,,3,,,,,,,,,,,,1,18,,,,,9,,10,,,,,1,,,,,522,,,,,38,,6,,,,,,,,,,,,,,,,,,,,,,1,,,0,1
FAS,195,ΙΙΙ,440,197.3,,,,,,,,,,,,,,,,,,,,,,,,,,,,,,,,,,,,,,,,,,,,,,,,30,,,,,,,,,,,,,,,,,,,,,,,,,,,0,0
FAS,196,ΙΙΙ,554,213.9,,,,,84,,,,,,,,1,,,,1,1,,,,,,,5,,,,,,10,,5,,,5,,,,,,,85,,,1,,26,,12,,,,,8,,,,,,,,,,,,,,,,,,,,0,5
FAS,197,ΙΙΙ,226,81.6,,,,,,,,,,,,,,,,,,,,,,,,,,,,,,,,,,,,,,,,,,,,,,,,24,,,,,,,,,,,,,,,,,,,,,,,,,,,0,0
FAS,198,ΙΙΙ,208,98.5,,1,,,60,,,1,,,,,,,,,,,,,,,,,5,,,,,,3,,2,,,,,,,,,,27,,,,,11,,13,,,,,,,,,,,,,,,,,,,,,,,,,0,5
FAS,199,ΙΙ/ΙΙΙ,242,59.6,,,,,4,,,,,,2,,,1,,,,,,,,,,,,,,,,,2,,,,,1,,,,,,,1,,,,,5,,,,,,,,,,,,,,,,,,,,,,,,,,,0,0
FAS,200,ΙΙ/ΙΙΙ,208,54,,,,,,,,,,,,,,,,,,,,,,,,,,,,,,,1,,,,,1,,,,,,,,3,,,,12,,2,12,,,,,,,,,,,,,,,,,,,,,,,,0,0
FAS,201,ΙΙ/ΙΙΙ,141,19.7,,,,,,,,,,,,,,,,,,,,,,,,,,,,,,,,,,,,1,25,,,,,,,3,,,,2,,,,,,,,,,,,,,,,,,,,,,,,,,,0,0
FAS,202,ΙΙ/ΙΙΙ,277,67.4,,1,,,,,,,,,,,,,,,,,,,,,,,,,,,,,1,,2,,,,,,,,,,,1,,,,3,,,,,,,,,,,,,,,,,,,,,,,,,,,0,0
FAS,203,Ι/ΙΙΙ,366,64.7,,,,,5,,,,,,,,,,,,,,,,,,,,,,,,,,,,1,,,,,,,,,,,,,,,2,,,,,,,,,,,,,,,,,,,,,,,,,,,0,0
FAS,204,Ι/ΙΙ,312,17.7,,,,,,,,,,,,,,,,,,,,,,,,,,,,,,,,,,,,,,1,,,,,,,,,,,1,,,,,,,,,,,,,,,,,,,,,,,,,,0,0
FAS,205,ΙΙ,381,19.7,,8,,,,1,,,,,,,,,,,,,,,,,,,,,,,,,1,,,,,8,,,,,,,3,,,,,2,,,,,,,,,,,,,,,,,,,,,,,,,,,0,0
FAS,206,Ιb,277,9.8,,9,,,1,,,,,,,,,,,,,,,,,,,,,,,,,,1,,,,,12,,,,,,,,,,,,,,1,,,,,,,,,,,,,,,,,,,,,,,,,0,0
FAS,207,Ιb,298,6.7,,5,,,,,,,,,,,,,,,,,,,,,,,,,,,,,,,,,,1,,,,,,,,,,,,,,,,,,,,,,,,,,,,,,,,,,,,,,,0,0
FAS,208,Ιb,797,10.1,,,,,,,,,,,,,,,,,,,,,,,,,,,,,,,,,,,,179,,,,,,,,,,,,,,1,,,,,,,,,,,,,,,,,,,,,,1,,,0,0
FAS,209,Ιb,624,2.2,,49,1,,,,,,,,,,,,,,,,,,,,,,,,,,,,,,,,,108,,,,,,,,,,,,,,,,,,,,,,,,,,,,,,,,,,,,,,,0,0
FAS,210,Ιb,244,0,,,,,,,,,,,,,,,,,,,,,,,,,,,,,,,,,,,,,,,,,,,,,,,,,,,,,,,,,,,,,,,,,,,,,,,,,,,0,0
FAS,211,Ιb,,,,49,5,,,,,,,,,,,,,,,,,,,,,,,,,,,,,,,,,41,,,,,,,,,,,,,,,,,,,,,,,,,,,,,,,,,,,,,,,0,0
FAS,212,Ιb,488,3.6,,11,1,,,,,,,,,,,,,,,,,,,,,,,,,,,,,,,,,301,,,,,,,,,,,,,,,,,,,,,,,,,,,,,,,,,,,,,,,0,0
FAS,213,Ιb,107,0.8,,24,6,,,,,,,,,,,,,,,,,,,,,,,,,,,,,,,,,17,,,,,,,1,,,,,,,,,,,,,,,,,,,,,,,,,,,,,,,,0,0
FAS,214,Ιb,391,1.4,,91,,,,,,,,,,,,,,,,,,,,,,,,,,,,,,,,,,72,,,,,,,,,,,,,,,,,,,,,,,,,,,,,,,,,,,,,,,0,0
FAS,215,Ιb,77,1.3,,113,,,,,,,,,,,,,,,,,,,,,,,,,,,,,,,,,,93,,,,,,,,,,,,,,,,,,,,,,,,,,,,,,,,,,,,,,,0,0
FAS,216,Ιb,90,2.5,,13,3,,,,,,,,,,,,,,,,,,,,,,,,,,,,,,,,,881,,,,,,,2,,,,,,,,,,,,,,,,,,,,,,,,,,,,,,,,0,0
FAS,217,Ιb,179,4,,278,1,,,,,,,,,,,,,,,,,,,,,,,,,,,,,,,,,576,,,,,,,,3,,,,,,,,,,,,,,,,,,,,,,,,,,,,,,,0,0
FAS,218,Ia,213,0.2,,46,,,,,,,,,,,,,,,,,,,,,,,,,,,,,,,,,,25,,,,,,,,,,,,,,,,,,,,,,,,,,,,,,,,,,,,,,,0,0
FAS,219,Ia,672,0.8,,203,1,,,,,,,,,,,,,,,,,,,,,,,,,,,,,,,,,35,,,,,,,,,,,,,,,,,,,,,,,,,,,,,,,,,,,,,,,0,0
FAS,220,Ia,213,1.2,,313,,,,,,,,,,,,,,,,,,,,,,,,,,,,,,,,,,99,,,,,,,,,,,,,,,,,,,,,,,,,,,,,,,,,,,,,,,0,0
FAS,221,Ia,315,1.6,,284,,,,,,,,,,,,,,,,,,,,,,,,,,,,,,,,,,148,,,,,,,,,,,,,,,,,,,,,,,,,,,,,,,,,,,,,,,0,0
FAS,222,Ia,316,2,,559,,,,,,,,,,,,,,,,,,,,,,,,,,,,,,,,,,49,,,,,,,,,,,,,,,,,,,,,,,,,,,,,,,,,,,,,,,0,0
FAS,223,Ia,693,3.5,,1088,,,,,,,,,,,,,,,,,,,,,,,,,,,,,,,,,,31,,,,,,,,,,,,,,,,,,,,,,,,,,,,,,,,,,,,,,,0,0
FAS,224,Ia,561,2.7,,747,,,,,,,,,,,,,,,,,,,,,,,,,,,,,,,,,,167,,,,,,,,,,,,,,,,,,,,,,,,,,,,,,,,,,,,,,,0,0
FAS,225,Ia,416,3.4,,1023,,,,,,,,,,,,,,,,,,,,,,,,,,,,,,,,,,159,,,,,,,,,,,,,,,,,,,,,,,,,,,,,,,,,,,,,,,0,0
FAS,226,Ia,866,5.9,,2001,1,,,,,,,,,,,,,,,,,,,,,,,,,,,,,,,,,248,,,,,,,,,,,,,,,,,,,,,,,,,,,,,,,,,,,,,,,0,0
FAS,227,Ia,146,0.7,,152,,,,,,,,,,,,,,,,,,,,,,,,,,,,,,,,,,7,,,,,,,,,,,,,,,,,,,,,,,,,,,,,,,,,,,,,,,0,0
,,,,,,,,,,,,,,,,,,,,,,,,,,,,,,,,,,,,,,,,,,,,,,,,,,,,,,,,,,,,,,,,,,,,,,,,,,,,,,,0,0