Unit,Zone,Liters,Tot_Flot_g,Sort_Flot_pc,species,complete,percent,Frags.
59,NA,,,,Leguminosae indet.,2,,
61,NA,,,,Alkanna sp.,1,,
64,NA,,,,Leguminosae indet.,1,,
64,NA,,,,Gramineae indet.,1,,
66,NA,,,,Leguminosae indet.,1,,
66,NA,,,,Gramineae indet.,1,,
67,NA,,,,Leguminosae indet.,1,,
67,NA,,,,Triticum turgidum ssp. dicoccum,1,,
69,NA,,,,Leguminosae indet.,2,,
69,NA,,,,Triticum turgidum ssp. dicoccum,1,,
69,NA,,,,Hordeum vulgare ssp. distichium,1,,
71,NA,,,,Lithospennum arvense,1,,
71,NA,,,,Alkanna sp.,1,,
73,VII,272,102.7,100,Polygonum sp.,1,3,
73,VII,272,102.7,100,Pistacia cf. lentiscus,1,3,
73,VII,272,102.7,100,Medicago sp.,1,3,
73,VII,272,102.7,100,Prunus amygdalus,1,3,
73,VII,272,102.7,100,Lithospennum arvense,1,3,
73,VII,272,102.7,100,Alkanna sp.,6,19,
73,VII,272,102.7,100,Triticum turgidum ssp. dicoccum,4,12,
73,VII,272,102.7,100,Hordeum vulgare ssp. distichium,13,41,
73,VII,272,102.7,100,spikelet forks indet.,1,3,
73,VII,272,102.7,100,glume bases indet.,3,9,
73,VII,272,102.7,100,Gramineae indet.,,,39
74,VII,257,128.8,100,Cruciferae sp.seed,1,4,
74,VII,257,128.8,100,Lens sp.,3,11,
74,VII,257,128.8,100,Medicago sp.,7,27,
74,VII,257,128.8,100,Prunus amygdalus,,,1
74,VII,257,128.8,100,Triticum turgidum ssp. dicoccum,6,23,
74,VII,257,128.8,100,Hordeum vulgare ssp. distichium,9,35,10
74,VII,257,128.8,100,Gramineae indet.,,,51
75,VII,45,106.4,100,Cruciferae sp. seeds,2,13,
75,VII,45,106.4,100,Medicago sp.,2,13,
75,VII,45,106.4,100,Prunus amygdalus,,,4
75,VII,45,106.4,100,Lithospermum arvense,1,7,
75,VII,45,106.4,100,Triticum turgidum ssp. dicoccum,6,40,
75,VII,45,106.4,100,Hordeum vulgare ssp. distichium,2,13,
75,VII,45,106.4,100,glume bases indet.,,7,
75,VII,45,106.4,100,culm node indet.,,7,
75,VII,45,106.4,100,Gramineae indet.,,,36
76,VII,129,801.2,39,Lens sp. Prunus amygdalus,2,7,6
76,VII,129,801.2,39,Lithospermum arvense,1,4,
76,VII,129,801.2,39,Triticum turgidum ssp. dicoccum,17,63,3
76,VII,129,801.2,39,Hordeum vulgare ssp. distichium,5,18,3
76,VII,129,801.2,39,glume base indet.,,4,
76,VII,129,801.2,39,culm node indet.,,4,
76,VII,129,801.2,39,Gramineae indet.,,,44
77,VII,62,89.5,100,Vitis vinifera ssp. sylvestris,1,11,
77,VII,62,89.5,100,Lens sp.,2,22,
77,VII,62,89.5,100,medium Leguminosae,2,22,
77,VII,62,89.5,100,Triticum turgidum ssp. dicoccum,2,22,
77,VII,62,89.5,100,Hordeum vulgare ssp. distichium,2,22,
77,VII,62,89.5,100,Grarnineae indet.,,,21
78,VII,58,73,100,Polygonum sp.,1,5,
78,VII,58,73,100,Pistacia cf. lentiscus,,,6
78,VII,58,73,100,Lens sp.,3,15,
78,VII,58,73,100,large Lathyrus sp.,1,5,
78,VII,58,73,100,Medicago sp.,3,15,
78,VII,58,73,100,large Leguminosae,1,5,
78,VII,58,73,100,Prunus amygdalus,,,1
78,VII,58,73,100,Lithospermum arvense,4,20,
78,VII,58,73,100,Triticum turgidum ssp. dicoccum,4,20,
78,VII,58,73,100,Hordeum vulgare ssp. distichium,3,15,1
78,VII,58,73,100,Gramineae indet.,,,42
79,VII,54,91.6,100,Cruciferae sp.seed,1,4,
79,VII,54,91.6,100, Lens sp.,5,22,
79,VII,54,91.6,100,Medicago sp.,3,13,
79,VII,54,91.6,100,medium Leguminosae,6,26,
79,VII,54,91.6,100,Prunus amygdalus,1,4,
79,VII,54,91.6,100,Lithospermum arvense,1,4,
79,VII,54,91.6,100,Triticum turgidum ssp. dicoccum,2,9,
79,VII,54,91.6,100,Hordeum vulgare ssp. distichium,4,17,3
79,VII,54,91.6,100,Gramineae indet.,,,34
80,VII,30,21.2,100,small Lathyrus sp.,1,33,
80,VII,30,21.2,100,Triticum turgidum ssp. dicoccum,2,66,
80,VII,30,21.2,100,Gramineae indet.,,,11
81,VII,98,411.1,56,Lens sp.,3,14,
81,VII,98,411.1,56,Medicago sp.,3,14,
81,VII,98,411.1,56,small Legurninosae,1,5,
81,VII,98,411.1,56,medium Leguminosae,2,9,
81,VII,98,411.1,56,Prunus amygdalus,,,3
81,VII,98,411.1,56,Lithospermum arvense,1,5,
81,VII,98,411.1,56,Triticum turgidum ssp. dicoccum,7,33,
81,VII,98,411.1,56,Hordeum vulgare ssp. distichium,4,19,4
81,VII,98,411.1,56,Gramineae indet.,,,37
82,VII,220,222.8,100,Cruciferae sp. seeds,20,4,
82,VII,220,222.8,100,Astragalus!frigonella sp.,1,0.2,
82,VII,220,222.8,100,Vicia!Lathyrus sp.,1,0.2,
82,VII,220,222.8,100,Lens sp.,2,0.4,
82,VII,220,222.8,100,Medicago sp.,455,86,
82,VII,220,222.8,100,medium Leguminosae,2,0.4,
82,VII,220,222.8,100,Prunus amygdalus,,,3
82,VII,220,222.8,100,Coriandrum sp.,1,0.2,
82,VII,220,222.8,100,Lithospermum arvense,27,5,
82,VII,220,222.8,100,Echium sp.,6,1,
82,VII,220,222.8,100,Boraginaceae sp.,2,0.4,
82,VII,220,222.8,100,Triticum turgidum ssp. dicoccum,3,0.6,1
82,VII,220,222.8,100,Hordeum vulgare ssp. distichium,9,2,
82,VII,220,222.8,100,Gramineae indet.,,,87
82,VII,220,222.8,100,Seeds indet.,3,0.6,
83,VII,37,401,56,Cruciferae sp.seeds,3,5,
83,VII,37,401,56,Pistacia cf. lentiscus,1,2,2
83,VII,37,401,56,Lens sp.,1,2,
83,VII,37,401,56,Medicago sp.,44,73,
83,VII,37,401,56,small Leguminosae,1,2,
83,VII,37,401,56,Prunus amygdalus,1,2,
83,VII,37,401,56,Lithospermum arvense,1,2,
83,VII,37,401,56,Triticum turgidum ssp. dicoccum,1,2,
83,VII,37,401,56,T . turgidum ssp.,4,7,
83,VII,37,401,56,Hordeum vulgare ssp. distichium,3,5,2
83,VII,37,401,56,Gramineae indet.,,,47
84,VII,43,439.3,57,medium Leguminosae,,,4
84,VII,43,439.3,57,Prunus amygdalus,1,14,
84,VII,43,439.3,57,Lithospermum arvense,2,28,
84,VII,43,439.3,57,Triticum turgidum ssp. dicoccum,1,14,1
84,VII,43,439.3,57,Hordeum vulgare ssp. distichium,3,43,4
85,VII,56,216.1,100,Cruciferae sp.seeds,7,5,
85,VII,56,216.1,100,Vitis vinifera ssp. Sylvestris,2,1,
85,VII,56,216.1,100,Pistacia cf. lentiscus,,,4
85,VII,56,216.1,100,Lens sp.,4,3,
85,VII,56,216.1,100,large Lathyrus sp.,3,2,
85,VII,56,216.1,100,Medicago sp.,104,78,
85,VII,56,216.1,100,medium Leguminosae,1,0.7,
85,VII,56,216.1,100,large Leguminosae,1,0.7,
85,VII,56,216.1,100,Prunus amygdalus,2,1,
85,VII,56,216.1,100,Litbospennum arvense,2,1,
85,VII,56,216.1,100,Triticum turgidum ssp. dicoccum,4,3,
85,VII,56,216.1,100,Hordeum vulgare ssp. distichium,1,0.7,
85,VII,56,216.1,100,glume base indet.,1,0.7,
85,VII,56,216.1,100,culm node indet.,1,0.7,
85,VII,56,216.1,100,Gramineae indet.,,,40
85,VII,56,216.1,100,Seeds indet.,,,2
86,VII,99,276.3,55,Pistacia cf. lentiscus,1,3,26
86,VII,99,276.3,55,Lens sp.,3,10,
86,VII,99,276.3,55,Medicago sp.,4,13,
86,VII,99,276.3,55,medium Leguminosae,1,3,
86,VII,99,276.3,55,Prunus amygdalus,2,6,
86,VII,99,276.3,55,Pyrus amygdalifonnis,3,10,
86,VII,99,276.3,55,Triticum turgidum ssp. dicoccum,3,10,
86,VII,99,276.3,55,Hordeum vulgare ssp. distichium,10,32,6
86,VII,99,276.3,55,spikelet forks indet.,4,13,
86,VII,99,276.3,55,Gramineae indet.,,,64
87,VII,31,69.6,100,Pistacia cf. lentiscus,5,23,
87,VII,31,69.6,100,Lens sp.,3,14,
87,VII,31,69.6,100,Medicago sp.,5,23,
87,VII,31,69.6,100,Prunus amygdalus,3,14,
87,VII,31,69.6,100,Pyrus amygdaliformis,,,3
87,VII,31,69.6,100,Lithospermum arvense,3,14,
87,VII,31,69.6,100,Echium sp.,1,4,
87,VII,31,69.6,100,Hordeum vulgare ssp. distichium,1,4,3
87,VII,31,69.6,100,spikelet fork indet.,,4,
87,VII,31,69.6,100,Gramineae indet.,,,20
88,VII,14,61.5,100,Pistacia cf. lentiscus,2,9,6
88,VII,14,61.5,100,Medicago sp.,10,48,
88,VII,14,61.5,100,Lithospennum arvense,1,5,
88,VII,14,61.5,100,Triticum turgidum ssp. dicoccum,3,14,
88,VII,14,61.5,100,Hordeum vulgare ssp. distichium,3,14,1
88,VII,14,61.5,100,H. vulage ssp. Distichum rachis frag.,1,5,
88,VII,14,61.5,100,culm node indet.,1,5,
88,VII,14,61.5,100,Gramineae indet.,,,19
89,VII,183,464.8,22,Pistacia cf. lentiscus,2,5,
89,VII,183,464.8,22,Lens sp.,6,15,
89,VII,183,464.8,22,large Lathyrus sp.,3,7,
89,VII,183,464.8,22,Medicago sp.,8,19,
89,VII,183,464.8,22,Prunus amygdalus,5,12,
89,VII,183,464.8,22,Lithospennum arvense,1,2,
89,VII,183,464.8,22,Triticum turgidum ssp. dicoccum,9,22,
89,VII,183,464.8,22,Hordeum vulgare ssp. distichium,5,12,3
89,VII,183,464.8,22,spikelet forks indet.,2,5,
89,VII,183,464.8,22,Gramineae indet.,,,62
90,VII,86,937.9,31,Lens sp.,2,5,
90,VII,86,937.9,31,Medicago sp.,9,24,
90,VII,86,937.9,31,medium Leguminosae,3,8,
90,VII,86,937.9,31,Prunus amygdalus,4,10,
90,VII,86,937.9,31,Lithospermum arvense,4,10,
90,VII,86,937.9,31,Triticum turgidum ssp. dicoccum,5,13,1
90,VII,86,937.9,31,Hordeum vulgare ssp. distichium,7,18,6
90,VII,86,937.9,31,glume bases indet.,3,8,
90,VII,86,937.9,31,Gramineae indet.,,,42
91,VII,60,862,30,Cruciferae sp.capsule,,2,
91,VII,60,862,30,Pistacia cf. lentiscus,,,3
91,VII,60,862,30,Lens sp.,1,2,
91,VII,60,862,30,Medicago sp.,4,8,
91,VII,60,862,30,Prunus amygdalus,2,4,
91,VII,60,862,30,Triticum monococcum,3,6,
91,VII,60,862,30,T. monococcum spkt. fks.,2,4,
91,VII,60,862,30,Triticum turgidum ssp. dicoccum,12,24,2
91,VII,60,862,30,T. turgidum ssp. dicoccum spikelet forks,4,8,
91,VII,60,862,30,,9,18,14
91,VII,60,862,30,H. vulgare ssp. distichum rachis frags.,1,2,
91,VII,60,862,30,spikelet forks indet.,3,6,
91,VII,60,862,30,glume bases indet.,8,16,
91,VII,60,862,30,Gramineae indet.,,,62
91,VII,60,862,30,seed indet.,,,2
92,VII,7,80.5,100,Pistacia cf. lentiscus,,,2
92,VII,7,80.5,100,Prunus amygdalus,1,16,
92,VII,7,80.5,100,Lithospermum arvense,1,16,
92,VII,7,80.5,100,Hordeum vulgare ssp. distichium,2,33,5
92,VII,7,80.5,100,H. vulgare ssp. distichum rachis frags.,,16,
92,VII,7,80.5,100,culm node indet.,,16,
92,VII,7,80.5,100,Gramineae indet.,,,11
92,VII,7,80.5,100,seed indet.,,,1
93,VII,109,345.2,46,Pistacia cf. lentiscus,,,2
93,VII,109,345.2,46,Lens sp.,2,16,
93,VII,109,345.2,46,Medicago sp.,7,58,
93,VII,109,345.2,46,Prunus amygdalus,1,8,
93,VII,109,345.2,46,Triticum turgidum ssp.  dicoccum spikelets,2,16,
93,VII,109,345.2,46,Gramineae indet.,,,36
94,VII,89,176.3,51,Cruciferae sp. seeds,,16,
94,VII,89,176.3,51,Pistacia cf. lentiscus,,,3
94,VII,89,176.3,51,Lens sp.,,16,
94,VII,89,176.3,51,Prunus amygdalus,,,6
94,VII,89,176.3,51,Hordeum vulgare ssp. distichium,4,66,8
95,VII,34,39.4,100,Pistacia cf. lentiscus,,,2
95,VII,34,39.4,100,Vicia ervilia,1,8,
95,VII,34,39.4,100,Lens sp.,1,8,
95,VII,34,39.4,100,large Pisum sp.,1,8,
95,VII,34,39.4,100,Medicago sp.,1,8,
95,VII,34,39.4,100,medium Leguminosae,3,25,
95,VII,34,39.4,100,Prunus amygdalus,1,8,
95,VII,34,39.4,100,Triticum turgidum ssp.  dicoccum spikelets,3,25,
95,VII,34,39.4,100,Hordeum vulgare ssp. distichium,,8,
95,VII,34,39.4,100,seed indet.,,,2
96,VII,27,69.7,100,Pistacia cf. lentiscus,,,1
96,VII,27,69.7,100,Lens sp.,1,4,
96,VII,27,69.7,100,Prunus amygdalus,4,16,
96,VII,27,69.7,100,Lithospermum arvense,1,4,
96,VII,27,69.7,100,Echium sp.,1,4,
96,VII,27,69.7,100,Triticum turgidum ssp.  dicoccum spikelets,5,25,
96,VII,27,69.7,100,Hordeum vulgare ssp. distichium,11,44,18
96,VII,27,69.7,100,H. vulgare ssp. Distichum rachis frag.,1,4,
96,VII,27,69.7,100,culm node indet.,1,4,
96,VII,27,69.7,100,Gramineae indet.,,,5
96,VII,27,69.7,100,seed indet.,,,2
97,VII,35,22.2,100,Triticum turgidum ssp. Dicoccum,,50,
97,VII,35,22.2,100,Hordeum vulgare ssp. distich urn,,,2
97,VII,35,22.2,100,culm node indet.,,50,
98,VII,210,318.8,44,Fumaria sp.,2,5,
98,VII,210,318.8,44,Cruciferae sp.capsule,2,5,
98,VII,210,318.8,44,Pistacia cf. lentiscus,,,1
98,VII,210,318.8,44,Lens sp.,2,5,
98,VII,210,318.8,44,Medicago sp.,11,25,
98,VII,210,318.8,44,medium Leguminosae,1,2,
98,VII,210,318.8,44,Prunus arnygdalus,5,12,
98,VII,210,318.8,44,Lithospermum arvense,3,7,
98,VII,210,318.8,44,Liliaceae sp.,1,2,
98,VII,210,318.8,44,Triticum monococcurn,2,5,
98,VII,210,318.8,44,T. turgidum ssp. Dicoccum,2,5,
98,VII,210,318.8,44,T. turgidum ssp. dicoccum terminal,2,5,
98,VII,210,318.8,44,spikelet forks,,,
98,VII,210,318.8,44,Hordeum vulgare ssp. Distichum,10,23,6
98,VII,210,318.8,44,Gramineae indet.,,,13
99,VII,74,428.2,24,Fumaria sp.,1,2,
99,VII,74,428.2,24,Cruciferae sp.seed,1,2,
99,VII,74,428.2,24,Cruciferae sp.capsule,1,2,
99,VII,74,428.2,24,Pistacia cf. lentiscus,,,1
99,VII,74,428.2,24,Lens sp.,6,15,
99,VII,74,428.2,24,large Lathyrus sp.,1,2,
99,VII,74,428.2,24,Medicago sp.,8,20,
99,VII,74,428.2,24,Prunus amygdalus,5,12,
99,VII,74,428.2,24,Triticum monococcum spkt. fks .,4,10,
99,VII,74,428.2,24,T. turgidum ssp. Dicoccum,5,12,
99,VII,74,428.2,24,T. turgidum ssp. dicoccum spkt. fks.,2,5,
99,VII,74,428.2,24,Hordeum vulgare ssp. Distichum,1,2,3
99,VII,74,428.2,24,glume bases indet.,3,7,
99,VII,74,428.2,24,culm nodes indet.,2,5,
100,VII,30,135.3,100,Pistacia cf. lentiscus,1,1,
100,VII,30,135.3,100,Vicia/Lathyrus sp.,1,1,
100,VII,30,135.3,100,Lens sp.,14,14,
100,VII,30,135.3,100,large Lathyrus sp.,3,3,
100,VII,30,135.3,100,Medicago sp.,4,4,
100,VII,30,135.3,100,medium Leguminosae,5,5,
100,VII,30,135.3,100,Prunus amygdalus,5,5,
100,VII,30,135.3,100,Triticum monococcum,5,5,
100,VII,30,135.3,100,T. monococcum spkt. tks.,9,9,
100,VII,30,135.3,100,T. turgidum ssp. Dicoccum,35,35,7
100,VII,30,135.3,100,Hordeum vulgare ssp. Distichum,17,17,22
100,VII,30,135.3,100,Gramineae indet.,,,44
101,VII,69,78,100,Cruciferae sp. capsule,,4,
101,VII,69,78,100,Pistacia cf. lentiscus,,,1
101,VII,69,78,100,Lens sp.,1,4,
101,VII,69,78,100,Medicago sp.,4,18,
101,VII,69,78,100,Prunus amygdalus,2,9,
101,VII,69,78,100,Lithospermum arvense,1,4,
101,VII,69,78,100,Teucrium sp.,1,4,
101,VII,69,78,100,Triticum monococcum,1,4,
101,VII,69,78,100,T. turgidum ssp. Dicoccum,4,18,1
101,VII,69,78,100,T. turgidum ssp. dicoccum spkt. fks.,1,4,
101,VII,69,78,100,Hordeum vulgare ssp. Distichum,2,9,5
101,VII,69,78,100,H. vulgare ssp. Distichum rachis frag.,1,4,
101,VII,69,78,100,spikelet forks indet.,3,14,
101,VII,69,78,100,Gramineae indet.,,,5
101,VII,69,78,100,seed indet.,,,2
102,VII,89,165.6,100,Cruciferae sp.capsules,6,11,
102,VII,89,165.6,100,Pistacia cf. lentiscus,1,2,
102,VII,89,165.6,100,Lens sp.,8,14,
102,VII,89,165.6,100,large Lathyrus sp.,2,3,
102,VII,89,165.6,100,Medicago sp.,2,3,
102,VII,89,165.6,100,Prunus amygdalus,14,25,
102,VII,89,165.6,100,Triticum monococcum,1,2,
102,VII,89,165.6,100,T. monococcum spikelet fork,1,2,
102,VII,89,165.6,100,T. turgidum ssp. Dicoccum,5,9,4
102,VII,89,165.6,100,T. turgidum ssp. dicoccum spkt. fks.,2,3,
102,VII,89,165.6,100,T. turgidum ssp. dicoccum glume base,1,2,
102,VII,89,165.6,100,Hordeum vulgare ssp. Distichum,7,12,12
102,VII,89,165.6,100,spikelet forks indet.,2,3,
102,VII,89,165.6,100,glume bases indet.,4,7,
102,VII,89,165.6,100,Gramineae indet.,,,11
102,VII,89,165.6,100,seed indet.,,,1
103,VII,100,250.1,51,Cruciferae sp. capsules,4,9,
103,VII,100,250.1,51,Pistacia cf. lentiscus,,,2
103,VII,100,250.1,51,Lens sp.,4,9,
103,VII,100,250.1,51,small Lathyrus sp.,1,2,
103,VII,100,250.1,51,Medicago sp.,13,29,
103,VII,100,250.1,51,Prunus amygdalus,4,9,
103,VII,100,250.1,51,Pyrus amygdaliformis,3,7,
103,VII,100,250.1,51,Lithospermum arvense,1,2,
103,VII,100,250.1,51,Monocotyledonae capsule,1,2,
103,VII,100,250.1,51,Triticum monococcum,1,2,
103,VII,100,250.1,51,T. mooococcum spkt. fk.,1,2,
103,VII,100,250.1,51,T. turgidum ssp. Dicoccum,4,9,2
103,VII,100,250.1,51,T. turgidum ssp. dicoccum spkt. fks .,2,4,
103,VII,100,250.1,51,Hordeum vulgare ssp. Distichum,5,11,3
103,VII,100,250.1,51,Gramineae indet.,,,20
103,VII,100,250.1,51,seed indet.,,,3
104,VII,73,357.9,49,Fumaria sp.,1,1,
104,VII,73,357.9,49,Cruciferae sp.seeds,2,2,
104,VII,73,357.9,49,Cruciferae sp.capsules,2,2,
104,VII,73,357.9,49,Vitis vinifera ssp. Sylvestris,3,2,
104,VII,73,357.9,49,Pistacia cf. lentiscus,,,8
104,VII,73,357.9,49,Vicia/Lathyrus sp.,2,2,
104,VII,73,357.9,49,Lens sp.,24,19,
104,VII,73,357.9,49,large Lathyrus sp.,3,2,
104,VII,73,357.9,49,Medicago sp.,6,5,
104,VII,73,357.9,49,small Leguminosae sp.,3,2,
104,VII,73,357.9,49,medium Leguminosae,14,11,
104,VII,73,357.9,49,Prunus amygdalus,7,5,
104,VII,73,357.9,49,Lithospermum arvense,4,3,
104,VII,73,357.9,49,Triticum monococcum,3,2,
104,VII,73,357.9,49,T. monococcum spt. fks.,6,5,
104,VII,73,357.9,49,T. turgidum ssp. Dicoccum,30,24,9
104,VII,73,357.9,49,Hordeum vulgare ssp. Distichum,17,13,11
104,VII,73,357.9,49,Gramineae indet.,,,83
105,,17,0,0,NA,,,
106,VII,17,250.1,55,Cruciferae sp.capsu.les,3,3,
106,VII,17,250.1,55,Pistacia cf. lentiscus,10,11,
106,VII,17,250.1,55,Vicia ervilia,1,1,
106,VII,17,250.1,55,Lens sp.,11,12,
106,VII,17,250.1,55,small Lathyrus sp.,1,1,
106,VII,17,250.1,55,large Lathyrus sp.,2,2,
106,VII,17,250.1,55,Medicago sp.,14,15,
106,VII,17,250.1,55,small Leguminosae sp.,3,3,
106,VII,17,250.1,55,Medium Leguminosae sp.,7,8,
106,VII,17,250.1,55,Prunus arnygdalus,14,15,
106,VII,17,250.1,55,Liliaceae sp.,1,1,
106,VII,17,250.1,55,Triticum monococcum,5,5,
106,VII,17,250.1,55,T. turgidum ssp. Dicoccum,10,11,
106,VII,17,250.1,55,Hordeum vulgare ssp. Distichum,5,5,
106,VII,17,250.1,55,spikelet forks indet.,2,2,
106,VII,17,250.1,55,glume bases indet.,2,2,
106,VII,17,250.1,55,Gramineae indet.,,,10
106,VII,17,250.1,55,seed indet.,,,1
107,VII,46,279.9,46,Cruciferae sp.seeds,13,23,
107,VII,46,279.9,46,Pistacia cf. lentiscus,,,5
107,VII,46,279.9,46,Lens sp.,4,7,
107,VII,46,279.9,46,Medicago sp.,5,9,
107,VII,46,279.9,46,medium Leguminosae,2,3,
107,VII,46,279.9,46,Prunus arnygdalus,10,17,
107,VII,46,279.9,46,Triticum monococcum spikelet,5,9,
107,VII,46,279.9,46,T . turgidum ssp. Dicoccum,4,7,
107,VII,46,279.9,46,T. turgidum ssp. dicoccum spkt. fks.,3,5,
107,VII,46,279.9,46,Hordeum vulgare ssp. Distichum,7,12,
107,VII,46,279.9,46,H. vulgare ssp. Distichum rachis frag.,1,2,
107,VII,46,279.9,46,spikelet forks indet.,3,5,
107,VII,46,279.9,46,Grarnineae indet.,,,8
108,VII,27,77.8,100,Cruciferae sp. seeds,3,5,
108,VII,27,77.8,100,Cruciferae sp.capsule,1,2,
108,VII,27,77.8,100,Pistacia cf. lentiscus,,,18
108,VII,27,77.8,100,Lens sp.,2,3,
108,VII,27,77.8,100,Medicago sp.,16,26,
108,VII,27,77.8,100,large Leguminosae sp.,2,3,
108,VII,27,77.8,100,Prunus arnygdalus,10,16,
108,VII,27,77.8,100,Lithospermum arvense,1,2,
108,VII,27,77.8,100,Triticum monococcum spikelet,8,13,
108,VII,27,77.8,100,T. turgidum ssp. Dicoccum,2,3,
108,VII,27,77.8,100,T. turgidum ssp. dicoccum spkt. fk.,1,2,
108,VII,27,77.8,100,Hordeum vulgare ssp. Distichum,2,3,4
108,VII,27,77.8,100,H. vulgare ssp. Distichum rachis frag.,1,2,
108,VII,27,77.8,100,glume bases indet.,13,21,
108,VII,27,77.8,100,Gramineae indet.,,,5
108,VII,27,77.8,100,seed indet.,,,3
109,VII,167,285.3,47,Cruciferae sp.seeds,12,27,
109,VII,167,285.3,47,Pistacia cf. lentiscus,5,11,
109,VII,167,285.3,47,Vicia/Lathyrus sp.,1,2,
109,VII,167,285.3,47,Lens sp.,2,4,
109,VII,167,285.3,47,large Lathyrus sp.,3,7,
109,VII,167,285.3,47,Prunus amygdalus,5,11,
109,VII,167,285.3,47,Pyrus amygdaliformis,1,2,
109,VII,167,285.3,47,Lithospermum arvense,1,2,
109,VII,167,285.3,47,Echium sp.,2,4,
109,VII,167,285.3,47,Alkanna sp.,1,2,
109,VII,167,285.3,47,Triticum turgidum ssp. Dicoccum,3,7,
109,VII,167,285.3,47,Hordeum vulgare ssp. distichum rachis,2,4,
109,VII,167,285.3,47,glume bases indet.,6,14,
109,VII,167,285.3,47,Gramineae indet.,,,13
109,VII,167,285.3,47,seed indet.,,,2
110,VII,60,17.7,100,large Lathyrus sp.,1,12,
110,VII,60,17.7,100,Medicago sp.,2,25,
110,VII,60,17.7,100,Echium sp.,3,37,
110,VII,60,17.7,100,Triticum turgidum ssp. Dicoccum,2,25,
110,VII,60,17.7,100,Gramineae indet.,,,2
110,VII,60,17.7,100,seed indet.,,,1
111,VII,82,99.4,100,Cruciferae sp.seed,1,3,
111,VII,82,99.4,100,Pistacia cf. lentiscus,,,1
111,VII,82,99.4,100,Lens sp.,1,3,
111,VII,82,99.4,100,Medicago sp.,4,10,
111,VII,82,99.4,100,Prunus amygdalus,3,8,
111,VII,82,99.4,100,Lithospermum arvense,6,16,
111,VII,82,99.4,100,Echium sp.,17,45,
111,VII,82,99.4,100,Triticum monococcum spikelet,1,3,
111,VII,82,99.4,100,T. turgidum ssp. Dicoccum,2,5,
111,VII,82,99.4,100,Hordeum vulgare ssp. Distichum,3,8,5
111,VII,82,99.4,100,Gramineae indet.,,,5
112,VII,145,35.7,100,Cruciferae sp.seeds,3,4,
112,VII,145,35.7,100,small Lathyrus sp.,1,1,
112,VII,145,35.7,100,Pisum!Vicia sp.,1,1,
112,VII,145,35.7,100,Medicago sp.,14,19,
112,VII,145,35.7,100,Prunus amygdalus,,,5
112,VII,145,35.7,100,Lithospermum arvense,13,18,
112,VII,145,35.7,100,L. officinale,1,1,
112,VII,145,35.7,100,Echium sp.,35,49,
112,VII,145,35.7,100,Triticum turgidum ssp. Dicoccum,3,4,
112,VII,145,35.7,100,Hordeum vulgare ssp. distich urn,1,1,2
112,VII,145,35.7,100,Gramineae indet.,,,4
113,VII,91,12.1,100,Cruciferae sp.seeds,2,14,
113,VII,91,12.1,100,Medicago sp.,1,7,
113,VII,91,12.1,100,Lithospermum arvense,1,7,
113,VII,91,12.1,100,Echium sp.,7,50,
113,VII,91,12.1,100,Alkanna sp.,2,14,
113,VII,91,12.1,100,Boraginaceae sp.,1,7,
114,VII,82,5.6,100,Medicago sp.,2,50,
114,VII,82,5.6,100,Prunus amygdalus,1,25,
114,VII,82,5.6,100,Triticum turgidum ssp. Dicoccum,1,25,
115,cleaning unit,0,0,0,NA,,,
116,VII,432,196.8,51,Cruciferae sp. seeds,7,12,
116,VII,432,196.8,51,Pistacia cf. lentiscus,2,3,
116,VII,432,196.8,51,Vicia/Lathyrus sp.,3,5,
116,VII,432,196.8,51,Lens sp.,2,3,
116,VII,432,196.8,51,Medicago sp.,5,8,
116,VII,432,196.8,51,Prunus amygdalus,2,3,
116,VII,432,196.8,51,Lithospermum arvense,4,7,
116,VII,432,196.8,51,Lithospermurn cf. apulum,8,13,
116,VII,432,196.8,51,Echium sp.,10,17,
116,VII,432,196.8,51,Alkanna sp.,1,2,
116,VII,432,196.8,51,Boraginaceae sp.,5,8,
116,VII,432,196.8,51,Avena sp.,2,3,
116,VII,432,196.8,51,Triticum turgidum ssp. Dicoccum,3,5,
116,VII,432,196.8,51,Hordeum vulgare ssp. Distichum,6,10,3
116,VII,432,196.8,51,Grarnineae indet.,,,2
116,VII,432,196.8,51,seed indet.,,,2
117,VII,586,237.9,53,Cruciferae sp.seed,1,2,
117,VII,586,237.9,53,Lens sp.,1,2,
117,VII,586,237.9,53,small Lathyrus sp.,1,2,
117,VII,586,237.9,53,large Lathyrus sp.,1,2,
117,VII,586,237.9,53,Medicago sp.,2,3,
117,VII,586,237.9,53,Prunus amygdalus,1,2,
117,VII,586,237.9,53,Pyrus amygdaliformis,1,2,
117,VII,586,237.9,53,Lithospermum arvense,16,26,
117,VII,586,237.9,53,Phalaris sp.,2,3,
117,VII,586,237.9,53,Triticum monococcum,2,3,2
117,VII,586,237.9,53,T. turgidum ssp. Dicoccum,18,29,2
117,VII,586,237.9,53,T. turgidum ssp. dicoccum spkt. fie.,1,2,
117,VII,586,237.9,53,Hordeum vulgare ssp. distich urn,4,6,8
117,VII,586,237.9,53,spikelet forks indet.,10,16,
117,VII,586,237.9,53,glume base indet.,1,2,
117,VII,586,237.9,53,Grarnineae indet.,,,18
117,VII,586,237.9,53,seed indet.,,,1
118,VII,216,75.7,100,Pruous amygdalus,,,9
118,VII,216,75.7,100,Lithospermum arven.se,24,54,
118,VII,216,75.7,100,Alkanna sp.,2,4,
118,VII,216,75.7,100,Triticum monococcum,5,11,
118,VII,216,75.7,100,T. turgidum ssp. Dicoccum,6,14,
118,VII,216,75.7,100,T. turgidum ssp. dicoccum spkt. fks.,2,4,
118,VII,216,75.7,100,T . turgidum ssp. dicoccum terminal spikelet fork,1,2,
118,VII,216,75.7,100,T. turgidum ssp. dicoccum glume base,1,2,
118,VII,216,75.7,100,Hordeum vulgare ssp. Distichum,2,4,
118,VII,216,75.7,100,glume base indet.,1,2,
118,VII,216,75.7,100,Gramineae indet.,,,14
119,VII,185,88.8,100,Pistacia cf. lentiscus,5,12,
119,VII,185,88.8,100,Lens sp.,1,2,
119,VII,185,88.8,100,large Lathyrus sp.,1,2,
119,VII,185,88.8,100,medium Leguminosae,2,5,
119,VII,185,88.8,100,Prunus amygdalus,5,12,
119,VII,185,88.8,100,Pyrus amygdaliformis,1,2,
119,VII,185,88.8,100,Lithospermum arvense,11,27,
119,VII,185,88.8,100,Triticum monococcum spikelet,2,5,
119,VII,185,88.8,100,T . turgidum ssp. Dicoccum,6,15,1
119,VII,185,88.8,100,T. turgidum ssp. dicoccum spkt. tlcs.,3,7,
119,VII,185,88.8,100,T. turgidum ssp. dicoccum glume base,1,2,
119,VII,185,88.8,100,Hordeum vulgare ssp. Distichum,2,5,
119,VII,185,88.8,100,glume base indet.,1,2,
119,VII,185,88.8,100,Gramineae indet.,,,20
119,VII,185,88.8,100,seed indet.,,,1
120,VII,308,414.1,48,Cruciferae sp.seeds,10,7,
120,VII,308,414.1,48,Vicia ervilia,2,1,
120,VII,308,414.1,48,VICi.a/Lathyrus sp. no. I,4,3,
120,VII,308,414.1,48,Lens sp.,7,5,
120,VII,308,414.1,48,Medicago sp.,11,8,
120,VII,308,414.1,48,medium Leguminosae,18,14,
120,VII,308,414.1,48,Prunus amygdalus,24,18,
120,VII,308,414.1,48,Pyrus amygdaliformis,1,0.7,
120,VII,308,414.1,48,Lithospennum arvense,8,6,
120,VII,308,414.1,48,Alkanna sp.,2,1,
120,VII,308,414.1,48,cf. Avena sp.,,,2
120,VII,308,414.1,48,Triticum turgidum ssp. Dicoccum,24,18,
120,VII,308,414.1,48,T. cf. aestivum/durum,7,5,
120,VII,308,414.1,48,Triticum sp.,3,2,13
120,VII,308,414.1,48,Hordeum vulgare ssp. Distichum,8,6,6
120,VII,308,414.1,48,H. vulgare ssp. Distichum rachis,1,0.7,
120,VII,308,414.1,48,spikelet fork indet.,1,0.7,
120,VII,308,414.1,48,Gramineae indet.,,,21
120,VII,308,414.1,48,seed indet.,,,5
121,VII,62,360.2,44,Cruciferae sp.seeds,12,11,
121,VII,62,360.2,44,Vicia/Lathyrus sp.,4,4,
121,VII,62,360.2,44,Lens sp.,4,4,
121,VII,62,360.2,44,Pisum/Vicia sp.,4,4,
121,VII,62,360.2,44,Medicago sp.,11,lO,
121,VII,62,360.2,44,medium Leguminosae sp.,10,9,
121,VII,62,360.2,44,Prunus amygdalus,27,26,
121,VII,62,360.2,44,Lithospermum arvense,6,6,
121,VII,62,360.2,44,Triticum monococcum spikelet,1,1,
121,VII,62,360.2,44,T. turgidum ssp. Dicoccum,25,24,3
121,VII,62,360.2,44,Hordeum vulgare ssp. Distichum,,,9
121,VII,62,360.2,44,Gramineae indet.,,,30
121,VII,62,360.2,44,seed indet.,,,5
122,VII,308,385.3,52,Cruciferae sp.  seeds,7,10,
122,VII,308,385.3,52,Vitis vinifera ssp. Sylvestris,,,1
122,VII,308,385.3,52,Vicia/Lathyrus sp.,1,1,
122,VII,308,385.3,52,Lens sp.,2,3,
122,VII,308,385.3,52,Pisum!Vicia sp.,1,1,
122,VII,308,385.3,52,Medicago sp.,25,36,
122,VII,308,385.3,52,small Leguminosae sp.,2,3,
122,VII,308,385.3,52,medium Leguminosae sp.,6,9,
122,VII,308,385.3,52,Prunus amygdalus,14,20,
122,VII,308,385.3,52,Lithospermum arvense,3,4,
122,VII,308,385.3,52,Alkanna sp.,1,1,
122,VII,308,385.3,52,Triticum monococcum,1,1,
122,VII,308,385.3,52,T. turgidum ssp. Dicoccum,4,6,
122,VII,308,385.3,52,Hordeum vulgare ssp. Distichum,1,1,1
122,VII,308,385.3,52,spikelet forks indet.,2,3,
122,VII,308,385.3,52,Gramineae indet.,,,9
122,VII,308,385.3,52,seed indet.,,,6
123,VII,278,453.5,51,Cruciferae sp.seed,1,2,
123,VII,278,453.5,51,Pistacia cf. lentiscus,1,2,
123,VII,278,453.5,51,small Pisum sp.,1,2,
123,VII,278,453.5,51,Medicago sp.,20,36,
123,VII,278,453.5,51,Prunus amygdalus,18,32,
123,VII,278,453.5,51,Lithospermum arvense,9,16,
123,VII,278,453.5,51,Alkanna sp.,1,2,
123,VII,278,453.5,51,Triticum monococcum,1,2,
123,VII,278,453.5,51,T. monococcum spikelet fork,1,2,
123,VII,278,453.5,51,T. turgidum ssp. Dicoccum,1,2,1
123,VII,278,453.5,51,Hordeum vulgare ssp. Distichum,1,2,4
123,VII,278,453.5,51,glume base indet.,1,2,
123,VII,278,453.5,51,Gramineae indet.,,,23
123,VII,278,453.5,51,seed indet.,,,5
124,VII,301,284.1,100,Cruciferae sp.seeds,4,8,
124,VII,301,284.1,100,Pistacia cf. lentiscus,1,2,
124,VII,301,284.1,100,Vicia/Lathyrus sp. no. 1,1,2,
124,VII,301,284.1,100,small Lathyrus sp.,1,2,
124,VII,301,284.1,100,Medicago sp.,1,2,
124,VII,301,284.1,100,mediwn Leguminosae sp.,2,4,
124,VII,301,284.1,100,Prunus amygdalus,12,25,
124,VII,301,284.1,100,Lithospermum arvense,4,8,
124,VII,301,284.1,100,Lithospermwn cf. apulwn,8,17,
124,VII,301,284.1,100,Echium sp.,3,6,
124,VII,301,284.1,100,Alkanna sp.,1,2,
124,VII,301,284.1,100,Liliaceae sp.,3,6,
124,VII,301,284.1,100,Triticum monococcum,1,2,
124,VII,301,284.1,100,T. turgidum ssp. Dicoccum,2,4,1
124,VII,301,284.1,100,Hordeum vulgare ssp. Distichum,3,6,
124,VII,301,284.1,100,Gramineae indet.,,,13
124,VII,301,284.1,100,seed indet.,,,2
125,VII,34,15.5,100,Prunus amygdalus,,,2
126,VII,52,55.7,100,Cruciferae sp.seeds,4,13,
126,VII,52,55.7,100,Pistacia cf. lentiscus,,,1
126,VII,52,55.7,100,Lens sp.,2,6,
126,VII,52,55.7,100,Medicago sp.,5,16,
126,VII,52,55.7,100,Prunus amygdalus,9,29,
126,VII,52,55.7,100,Lithospermum arvense,1,3,
126,VII,52,55.7,100,Echium sp.,1,3,
126,VII,52,55.7,100,Triticum turgidum ssp. Dicoccum,7,23,1
126,VII,52,55.7,100,Hordeum vulgare ssp. Distichum,2,6,
126,VII,52,55.7,100,Grarnineae indet.,,,8
127,cleaning unit,0,0,0,NA,,,
128,VII,216,10.7,100,Lens sp.,13,46,
128,VII,216,10.7,100,small Leguminosae,2,7,
128,VII,216,10.7,100,medium Leguminosae,5,18,
128,VII,216,10.7,100,large Leguminosae,1,4,
128,VII,216,10.7,100,Lithospermum arvense,1,4,
128,VII,216,10.7,100,Anchusa sp.,2,7,
128,VII,216,10.7,100,Alkanna sp.,1,4,
128,VII,216,10.7,100,Triticum turgidum ssp. Dicoccum,3,11,5
129,submitted for C14 dating,0,0,0,NA,,,
130,VI/VII,222,6.6,100,Lens sp.,5,71,19
130,VI/VII,222,6.6,100,Triticum turgidum ssp. Dicoccum,1,14,
130,VI/VII,222,6.6,100,Hordeum vulgare ssp. Distichum,1,1,1
130,VI/VII,222,6.6,100,Grarnineae indet.,,,14
131,VI/VII,203,3.9,100,Lens sp.,9,100,
131,VI/VII,203,3.9,100,Hordeum vulgare ssp. Distichum,,,4
131,VI/VII,203,3.9,100,seed indet.,,,2
132,VI/VII,58,0.5,100,Lithospermum arvense,3,60,
132,VI/VII,58,0.5,100,Anchusa sp.,1,40,
132,VI/VII,58,0.5,100,Gramineae indet.,,,1
133,VI,35,0.1,100,0,,,
134,VI,73,0.6,100,Prunus amygdalus,,,1
135,VI,65,1.8,100,0,,,
136,VI,173,7.1,100,Cruciferae sp. seeds,2,50,
136,VI,173,7.1,100,Prunus amygdalus,,,2
136,VI,173,7.1,100,Hordeum vulgare ssp. Distichum,2,50,
137,VI,151,3,100,Prunus amygdalus,,,2
137,VI,151,3,100,Lithospermum arvense,1,100,
138,VI,86,3.9,100,Lens sp.,3,100,
138,VI,86,3.9,100,Prunus amygdalus,,,2
139,VI,108,2.4,100,Lens sp.,1,100,
139,VI,108,2.4,100,Gramineae indet.,,,1
140,VI,121,12,100,Cruciferae sp.seed,1,33,
140,VI,121,12,100,Lens sp.,1,33,
140,VI,121,12,100,Prunus amygdalus,,,3
140,VI,121,12,100,Hordeum vulgare ssp.,1,33,
141,VI,6,2.6,100,Alkanna sp.,1,100,
142,cleaning unit,,,,,,,
143,VI,154,10,100,Lens sp.,1,50,
143,VI,154,10,100,cf. Medicago sp.,,,1
143,VI,154,10,100,Triticum turgidum ssp. Dicoccum,1,50,
144,VI,123,13.7,100,Prunus amygdalus,1,20,
144,VI,123,13.7,100,Alkanna sp.,4,80,
144,VI,123,13.7,100,Gramineae indet.,,,6
145,VI,401,26.3,100,Vicia/Lathyrus sp.,2,15,
145,VI,401,26.3,100,Prunus amygdalus,1,8,
145,VI,401,26.3,100,Triticum turgidum ssp. Dicoccum,10,77,1
145,VI,401,26.3,100,Gramineae indet.,,,5
145,VI,401,26.3,100,seed indet.,,,1
146,V/VI,308,8.3,100,Polygonum sp.,1,12,
146,V/VI,308,8.3,100,Pistacia cf. lentiscus,1,12,
146,V/VI,308,8.3,100,Lens sp.,2,25,
146,V/VI,308,8.3,100,Prunus amygdalus,,,8
146,V/VI,308,8.3,100,Alkanna sp.,1,12,
146,V/VI,308,8.3,100,Avena sp.,3,37,
146,V/VI,308,8.3,100,Gramineae indet.,,,7
147,cleaning unit,,,,,,,
148,V,154,20.8,100,Capparis sp. ,7,19,
148,V,154,20.8,100,Pistacia cf. lentiscus,2,5,
148,V,154,20.8,100,Medicago sp.,7,19,
148,V,154,20.8,100,Prunus amygdalus,3,8,
148,V,154,20.8,100,Alkanna sp.,1,3,
148,V,154,20.8,100,Avena sp.,16,44,
149,V,163,10.7,100,Capparis sp.,2,10,
149,V,163,10.7,100,Pistacia cf. lentiscus,7,37,
149,V,163,10.7,100,Lens sp.,1,5,
149,V,163,10.7,100,Prunus amygdalus,,,4
149,V,163,10.7,100,Alkanna sp.,2,10,
149,V,163,10.7,100,Avena sp.,5,26,3
149,V,163,10.7,100,Hordeum vulgare ssp. Spontaneum,2,10,
149,V,163,10.7,100,spikelet fork indet.,,,1
149,V,163,10.7,100,Gramineae indet.,,,12
150,V,10,59.7,41,Vicia/Lathyrus sp.,1,7,
150,V,10,59.7,41,Lens sp.,2,14,
150,V,10,59.7,41,medium Leguminosae,7,50,
150,V,10,59.7,41,Prunus amygdalus,4,29,
150,V,10,59.7,41,Gramineae indet.,,,4
150,V,10,59.7,41,culm node frag.,,,1
151,V,463,48.9,47,Adonis sp.,1,5,
151,V,463,48.9,47,Lens sp.,1,5,
151,V,463,48.9,47,Prunus amygdalus,3,14,
151,V,463,48.9,47,Alkanna sp.,2,9,
151,V,463,48.9,47,Avena sp.,14,67,10
152,cleaning unit,,,,,,,
153,V,103,16.8,100,Lens sp.,1,11,
153,V,103,16.8,100,large Leguminosae,2,22,
153,V,103,16.8,100,Prunus amygdalus,2,22,
153,V,103,16.8,100,Avena sp.,2,22,3
153,V,103,16.8,100,culm node indet.,2,22,
154,V,243,71.3,60,medium Leguminosae,,,3
154,V,243,71.3,60,Prunus amygdalus,2,66,
154,V,243,71.3,60,Avena sp.,1,33,
155,V,59,54.4,100,Pistacia cf. 1entiscus,,,12
155,V,59,54.4,100,Vicia ervilia,1,6,
155,V,59,54.4,100,Vicia/Lathyrus sp.,1,6,
155,V,59,54.4,100,Lens sp.,6,35,
155,V,59,54.4,100,large Lathyrus sp.,2,12,
155,V,59,54.4,100,Prunus amygdalus,6,35,
155,V,59,54.4,100,Avena sp.,1,6,
156,V,390,59.1,100,Cruciferaeseed,1,4,
156,V,390,59.1,100,Pistacia cf. lentiscus,14,61,
156,V,390,59.1,100,medium Leguminosae,3,13,
156,V,390,59.1,100,Prunus amygdalus,4,17,
156,V,390,59.1,100,Lithospermum arvense,1,4,
156,V,390,59.1,100,Hordeum vulgare ssp. Spontaneum,,,1
,,,,,,,,
157,V,50,67.4,100,Pistacia cf. lentiscus,1,10,
157,V,50,67.4,100,Prunus amygdalus,6,60,
157,V,50,67.4,100,Lithospennum arvense,1,10,
157,V,50,67.4,100,Liliaceae sp.,2,20,
158,V,18,23.7,100,Pistacia cf. lentiscus,1,14,2
158,V,18,23.7,100,Vicia/Lathyrus sp.,1,14,
158,V,18,23.7,100,Prunus amygdalus,3,43,
158,V,18,23.7,100,Lithospennum arvense,1,14,
158,V,18,23.7,100,Avena sp.,1,14,
159,V,184,20.2,100,Vicia ervilia,1,9,
159,V,184,20.2,100,Vicia/Lathyrus sp.,1,9,
159,V,184,20.2,100,Lens sp.,3,27,
159,V,184,20.2,100,Prunus amygdalus,3,27,
159,V,184,20.2,100,Alkanna sp.,1,9,
159,V,184,20.2,100,culm nodes indet.,2,10,
160,IV/V,18,5.8,100,Prunus amygdalus,3,60,
160,IV/V,18,5.8,100,Lithospennum arvense,1,20,
160,IV/V,18,5.8,100,Avena sp.,1,20,
161,IV/V,21,144.6,100,Lens sp.,1,13,
161,IV/V,21,144.6,100,small Leguminosae,,,2
161,IV/V,21,144.6,100,Prunus amygdalus,7,87,
162,IV/V,51,255.7,100,Pistacia cf. lentiscus,1,3,
162,IV/V,51,255.7,100,Vicia/Lathyrus sp.,2,6,
162,IV/V,51,255.7,100,Lens sp.,1,3,
162,IV/V,51,255.7,100,small Leguminosae,1,3,
162,IV/V,51,255.7,100,Prunus amygdalus,15,48,
162,IV/V,51,255.7,100,Coriandrum sp.,1,3,
162,IV/V,51,255.7,100,Lithospennum arvense,5,16,
162,IV/V,51,255.7,100,Liliaceae sp.,2,6,
162,IV/V,51,255.7,100,Avena sp.,3,10,
162,IV/V,51,255.7,100,seed indet.,,,3
163,IV/V,42,30.9,100,Prunus amygdalus,3,60,
163,IV/V,42,30.9,100,culm nodes indet.,2,40,
164,IV/V,21,79.2,100,Pistacia cf. lentiscus,1,17,
164,IV/V,21,79.2,100,Prunus amygdalus,3,50,
164,IV/V,21,79.2,100,Avena sp.,2,33,1
165,IV/V,53,83.4,100,Pistacia cf. lentiscus,3,10,12
165,IV/V,53,83.4,100,Lens sp.,2,7,
165,IV/V,53,83.4,100,Medicago sp.,1,3,
165,IV/V,53,83.4,100,Prunus amygdalus,4,14,
165,IV/V,53,83.4,100,Lithospennum arvense,18,62,
165,IV/V,53,83.4,100,Liliaceae sp.,1,3,
166,IV/V,41,92.1,100,Pistacia cf. lentiscus,7,22,10
166,IV/V,41,92.1,100,Prunus amygdalus,8,25,
166,IV/V,41,92.1,100,Lithospennum arvense,14,44,
166,IV/V,41,92.1,100,Avena sp.,3,9,4
167,IV/V,42,72.3,100,Pistacia cf. lentiscus,1,4,1
167,IV/V,42,72.3,100,Vtcia/Lathyrus sp. no. 1,2,7,
167,IV/V,42,72.3,100,small Leguminosae,2,7,
167,IV/V,42,72.3,100,medium Leguminosae,1,4,
167,IV/V,42,72.3,100,Prunus arnygdalus,9,32,
167,IV/V,42,72.3,100,Pyrus arnygdalifonnis,1,4,
167,IV/V,42,72.3,100,Lithospermum arvense,12,43,
167,IV/V,42,72.3,100,seed indet.,,,5
168,IV,84,101.7,100,Pistacia cf. 1entiscus,7,7,6
168,IV,84,101.7,100,Lens sp.,3,3,
168,IV,84,101.7,100,Pru.nus arnygdalus,10,9,
168,IV,84,101.7,100,Pyrus arnygdalifonnis,1,0.9,
168,IV,84,101.7,100,Lithospennum arvense,82,78,
168,IV,84,101.7,100,Liliaceae sp.,1,0.9,
168,IV,84,101.7,100,Avena sp.,1,0.9,
169,IV,16,7.2,100,Prunus arnygdalus,,,16
169,IV,16,7.2,100,Pyrus arnygdalifonnis,2,12,
169,IV,16,7.2,100,Lithospennum arvense,13,81,
169,IV,16,7.2,100,Liliaceae sp.,1,6,
170,IV,148,154.3,100,Malva parviflora,2,0.2,
170,IV,148,154.3,100,Pistacia cf. Jentiscus,12,1,
170,IV,148,154.3,100,Vtcia/Lathyrus sp. no. 1,1,0.1,
170,IV,148,154.3,100,Prunus amygdalus,25,2,
170,IV,148,154.3,100,Lithospennum arvense,963,93,
170,IV,148,154.3,100,Anchusa sp.,1,0.1,
170,IV,148,154.3,100,Alkanna sp.,1,0.1,
170,IV,148,154.3,100,Liliaceae sp.,1,0.1,
170,IV,148,154.3,100,Avena sp.,29,3,4
170,IV,148,154.3,100,Hordeum vulgare ssp. Spontaneum,1,0.1,2
171,IV,60,79.3,100,Capparis sp.,9,7,
171,IV,60,79.3,100,Pistacia cf. lentiscus,10,8,
171,IV,60,79.3,100,Lens sp.,1,0.8,
171,IV,60,79.3,100,Prunus arnygdalus,3,2,
171,IV,60,79.3,100,Pyrus arnygdalifonnis,1,0.8,
171,IV,60,79.3,100,Lithospennum arvense,91,,76
171,IV,60,79.3,100,Avena sp.,4,3,5
171,IV,60,79.3,100,culm node frag.,,,1
171,IV,60,79.3,100,seed indet.,,,12
172,IV,216,235.2,100,Adonis sp.,1,0.04,
172,IV,216,235.2,100,Malva parviflora,6,0.2,
172,IV,216,235.2,100,Pistacia cf. lentiscus,25,1,
172,IV,216,235.2,100,Vicia/Lathyrus sp. no. 1,1,0.04,
172,IV,216,235.2,100,Lens sp.,4,0.1,
172,IV,216,235.2,100,small Pisum sp.,1,0.04,
172,IV,216,235.2,100,small Leguminosae,13,0.5,
172,IV,216,235.2,100,medium Leguminosae,2,0.08,
172,IV,216,235.2,100,Prunus arnygdalus,15,0.6,
172,IV,216,235.2,100,Pyrus arnygdalifonnis,2,0.08,
172,IV,216,235.2,100,Calendula sp.,1,0.04,
172,IV,216,235.2,100,Lithospennum arvense,2404,96,
172,IV,216,235.2,100,L. officinale,4,0.1,
172,IV,216,235.2,100,Anchusa sp.,4,0.1,
172,IV,216,235.2,100,A1kanna sp.,9,0.3,
172,IV,216,235.2,100,Liliaceae sp.,4,0.1,
172,IV,216,235.2,100,Phalaris sp.,2,0.08,
172,IV,216,235.2,100,Avena sp.,12,0.5,7
172,IV,216,235.2,100,culm node frag.,,,1
172,IV,216,235.2,100,Gramineae indet.,,,1
172,IV,216,235.2,100,seed indet.,,,11
173,IV,20,74.4,100,Pistacia cf. lentiscus,5,1,
173,IV,20,74.4,100,Lens sp.,1,0.2,
173,IV,20,74.4,100,Prunus amygdalus,8,2,
173,IV,20,74.4,100,Lithospermum arvense,451,96,
173,IV,20,74.4,100,Alkanna sp.,2,0.4,
173,IV,20,74.4,100,Avena sp.,4,0.8,
173,IV,20,74.4,100,seed indet.,,,1
174,IV,139,288.1,100,Cruciferae sp.seed,1,0.2,
174,IV,139,288.1,100,Pistacia cf. lentiscus,103,23,
174,IV,139,288.1,100,Vicia!Lathyrus sp. no. 1,4,0.9,
174,IV,139,288.1,100,Lens sp.,9,2,
174,IV,139,288.1,100,large Lathyrus sp.,1,0.2,
174,IV,139,288.1,100,medium Leguminosae,2,0.4,
174,IV,139,288.1,100,Prunus amygdalus,46,10,
174,IV,139,288.1,100,Pyrus amygdaliformis,,,14
174,IV,139,288.1,100,Lithospermum arvense,245,55,
174,IV,139,288.1,100,Alkanna sp.,4,0.9,
174,IV,139,288.1,100,cf. Colchicum/,2,0.4,
174,IV,139,288.1,100,Polygonatum sp.,,,
174,IV,139,288.1,100,Avena sp.,30,7,
174,IV,139,288.1,100,Hordeum vulgare ssp. Spontaneum,1,0.2,
174,IV,139,288.1,100,Gramineae indet.,,,1
174,IV,139,288.1,100,seed indet.,,,7
175,IV,112,75.6,100,Pistacia cf. lentiscus,35,25,
175,IV,112,75.6,100,Vicia!Lathyrus sp. no. 1,1,0.7,
175,IV,112,75.6,100,Lens sp.,10,7,
175,IV,112,75.6,100,Pisum/Vicia sp.,2,1,
175,IV,112,75.6,100,medium Leguminosae,2,1,
175,IV,112,75.6,100,Prunus amygdalus,10,7,
175,IV,112,75.6,100,Pyrus amygdaliformis,4,3,
175,IV,112,75.6,100,Lithospermum arvense,60,43,
175,IV,112,75.6,100,Avena sp.,15,11,
175,IV,112,75.6,100,seed indet.,,,4
176,III,649,351.3,73,Pistacia cf. lentiscus,18,6,
176,III,649,351.3,73,VJCia/Lathyrus sp. no. 1,4,1,
176,III,649,351.3,73,Lens sp.,102,32,
176,III,649,351.3,73,large Lathyrus sp.,3,0.9,
176,III,649,351.3,73,Pisum!Vicia sp.,1,0.3,
176,III,649,351.3,73,large Pisum sp.,1,0.3,
176,III,649,351.3,73,small Legurninosae,2,0.6,
176,III,649,351.3,73,medium Leguminosae,2,0.6,
176,III,649,351.3,73,large Leguminosae,1,0.3,
176,III,649,351.3,73,Prunus amygdalus,151,47,
176,III,649,351.3,73,cf. Colchicum/Polygonatum,4,1,
176,III,649,351.3,73,Avena sp.,24,7,174
176,III,649,351.3,73,Hordeum vulgare ssp. Spontaneum,1,0.3,15
176,III,649,351.3,73,Phalaris sp.,4,1,
176,III,649,351.3,73,seed indet.,,,10
177,III,346,602.4,62,Adonis sp.,2,0.3,
177,III,346,602.4,62,Pistacia cf. lentiscus,139,19,
177,III,346,602.4,62,Vicia/Lathyrus sp. oo. 1,4,0.5,
177,III,346,602.4,62,Lens sp.,74,lO,
177,III,346,602.4,62,large Lathyrus sp.,1,0.1,
177,III,346,602.4,62,Pisum/Vicia sp.,3,0.4,
177,III,346,602.4,62,small Legurninosae,9,1,
177,III,346,602.4,62,medium Leguminosae,22,3,
177,III,346,602.4,62,large Leguminosae,4,0.5,
177,III,346,602.4,62,Prunus amygdalus,342,46,
177,III,346,602.4,62,Pyrus amygdaliformis,49,0.7,
177,III,346,602.4,62,Alkanna sp.,1,0.1,
177,III,346,602.4,62,Liliaceae sp.,2,0.3,
177,III,346,602.4,62,cf. Colchicum/,2,0.3,
177,III,346,602.4,62,Polygonatum,,,
177,III,346,602.4,62,Phalaris sp.,4,0.5,
177,III,346,602.4,62,Avena sp.,78,10,
177,III,346,602.4,62,Hordeum vulgare ssp. Spontaneum,2,0.3,2
178,III,14,103.4,100,Adonis sp.,4,0.4,
178,III,14,103.4,100,Pistacia cf. lentiscus,316,32,
178,III,14,103.4,100,Vicla!Lathyrus sp. oo. 1,7,0.7,
178,III,14,103.4,100,Lens sp.,105,11,
178,III,14,103.4,100,large Lathyrus sp.,1,0.1,
178,III,14,103.4,100,Medicago sp.,2,0.2,
178,III,14,103.4,100,small Legurninosae,13,1,
178,III,14,103.4,100,medium Leguminosae,10,1,
178,III,14,103.4,100,Prunus amygdalus,137,14,
178,III,14,103.4,100,Pyrus amygdaliformis,120,12,
178,III,14,103.4,100,Lithospennum arvense,2,0.2,
178,III,14,103.4,100,Alkanna sp.,1,0.1,
178,III,14,103.4,100,Liliaceae sp.,33,3,
178,III,14,103.4,100,cf. Colchicum/Polygonatum,7,0.7,
178,III,14,103.4,100,Phalaris sp.,6,0.6,
178,III,14,103.4,100,Avena sp.,207,21,
178,III,14,103.4,100,Hordeum vulgare ssp. Spontaneum,13,1,
178,III,14,103.4,100,Grarnineae indet.,,,15
179,III,277,492.3,100,Adonis sp.,1,0.1,
179,III,277,492.3,100,Cruciferae sp.seeds,3,0.5,
179,III,277,492.3,100,Capparis sp.,10,1,
179,III,277,492.3,100,Malva parviflora,1,0.1,
179,III,277,492.3,100,Erodium sp.,5,0.8,
179,III,277,492.3,100,Pistacia cf. lentiscus,167,26,
179,III,277,492.3,100,Vicia/Lathyrus sp. 00. 1,10,1,
179,III,277,492.3,100,Lens sp.,65,10,
179,III,277,492.3,100,small Lathyrus sp.,1,0.1,
179,III,277,492.3,100,large Lathyrus sp.,3,0.5,
179,III,277,492.3,100,small Legurninosae,40,6,
179,III,277,492.3,100,medium Legurninosae,3,0.5,
179,III,277,492.3,100,Prunus amygdalus,150,23,
179,III,277,492.3,100,Pyrus amygdaliformis,54,8,
179,III,277,492.3,100,Lithospermum arvense,3,0.5,
179,III,277,492.3,100,Liliaceae sp.,6,0.9,
179,III,277,492.3,100,cf. Colchicum/Polygonatum,7,1,
179,III,277,492.3,100,Phalaris sp.,1,0.1,
179,III,277,492.3,100,Avena sp.,120,18,
179,III,277,492.3,100,Hordeum vulgare ssp. spontaneum,1,0.1,5
179,III,277,492.3,100,Gramineae indet.,,,9
180,III,214,352.1,80,Adonis sp.,1,0.2,
180,III,214,352.1,80,Fumaria sp.,1,0.2,
180,III,214,352.1,80,Cruciferae sp.seed,1,0.2,
180,III,214,352.1,80,Capparis sp.,4,0.8,
180,III,214,352.1,80,Pistacia cf. lentiscus,222,45,
180,III,214,352.1,80,Lens sp.,16,3,
180,III,214,352.1,80,Medicago sp.,1,0.2,
180,III,214,352.1,80,small Leguminosae,26,5,
180,III,214,352.1,80,medium Leguminosae,1,0.2,
180,III,214,352.1,80,Prunus amygdalus,101,21,
180,III,214,352.1,80,Pyrus amygdaliformis,32,6,
180,III,214,352.1,80,Lithospermum arvense,2,0.4,
180,III,214,352.1,80,cf. Colchicum/Polygonatum,13,3,
180,III,214,352.1,80,Avena sp.,68,14,
180,III,214,352.1,80,Hordeum vulgare ssp. Spontaneum,,,5
181,III,151,59,100,Cruciferae sp.seed,1,0.5,
181,III,151,59,100,Capparis sp.,1,0.5,
181,III,151,59,100,Malva parviflora,1,0.5,
181,III,151,59,100,Pistacia cf. lentiscus,140,67,
181,III,151,59,100,Lens sp.,2,0.9,
181,III,151,59,100,small Leguminosae,7,3,
181,III,151,59,100,Prunus amygdalus,27,13,
181,III,151,59,100,Pyrus amygdaliformis,12,6,
181,III,151,59,100,cf. Colchicum/Polygonatum,1,0.5,
181,III,151,59,100,Avena sp.,18,9,
182,III,381,252.3,79,Adonis sp.,1,0.3,
182,III,381,252.3,79,Capparis sp.,3,0.9,
182,III,381,252.3,79,Malva parviflora,1,0.3,
182,III,381,252.3,79,Pistacia cf. lentiscus,144,45,
182,III,381,252.3,79,Lens sp.,11,3,
182,III,381,252.3,79,small Leguminosae,6,2,
182,III,381,252.3,79,Prunus amygdalus,86,27,
182,III,381,252.3,79,Pyrus amygdaliformis,24,7,
182,III,381,252.3,79,cf. Colchicum/Polygonatum,2,0.6,
182,III,381,252.3,79,Avena sp.,33,10,
182,III,381,252.3,79,Hordeum vulgare ssp. Spontaneum,7,2,
183,III,143,79.4,100,Adonis sp.,2,1,
183,III,143,79.4,100,Fumaria sp.,3,2,
183,III,143,79.4,100,Cruciferae sp.seeds,2,1,
183,III,143,79.4,100,Capparis sp.,1,0.5,
183,III,143,79.4,100,Malva parviflora,1,0.5,
183,III,143,79.4,100,Pistacia cf. lentiscus,51,28,
183,III,143,79.4,100,Lens sp.,5,3,
183,III,143,79.4,100,large Pisum sp.,2,1,
183,III,143,79.4,100,Prunus amygdalus,50,28,
183,III,143,79.4,100,Pyrus amygdalifonnis,21,12,
183,III,143,79.4,100,Lithospennum arvense,1,0.5,
183,III,143,79.4,100,Liliaceae sp.,3,2,
183,III,143,79.4,100,cf. Colchicum/Polygonatwn,2,1,
183,III,143,79.4,100,Avena sp.,34,19,
183,III,143,79.4,100,Hordeum vulgare ssp. Spontaneum,3,2,
184,III,450,433.2,75,Adonis sp.,3,0.5,
184,III,450,433.2,75,Fumaria sp.,1,0.2,
184,III,450,433.2,75,Cruciferae sp.seeds,2,0.3,
184,III,450,433.2,75,Capparis sp.,11,2,
184,III,450,433.2,75,Malva parviflora,1,0.2,
184,III,450,433.2,75,Pistacia cf. lentiscus,320,52,
184,III,450,433.2,75,Vteia/Lathyrus sp. no. I,3,0.5,
184,III,450,433.2,75,Lens sp.,13,2,
184,III,450,433.2,75,Pisum/Vicia sp.,1,0.2,
184,III,450,433.2,75,small Leguminosae,7,1,
184,III,450,433.2,75,medium Leguminosae,9,1,
184,III,450,433.2,75,large Leguminosae,3,0.5,
184,III,450,433.2,75,Prunus amygdalus,130,21,
184,III,450,433.2,75,Lithospermum arvense,2,0.3,
184,III,450,433.2,75,Liliaceae sp.,4,0.6,
184,III,450,433.2,75,Phalaris sp.,2,0.3,
184,III,450,433.2,75,Avena sp.,92,15,
184,III,450,433.2,75,Hordeum vulgare ssp. Spontaneum,6,0.1,
185,III,346,269.1,74,Fumaria sp.,2,0.6,
185,III,346,269.1,74,Cruciferae sp.seeds,4,1,
185,III,346,269.1,74,Capparis sp.,13,4,
185,III,346,269.1,74,Pistacia cf. lentiscus,135,44,
185,III,346,269.1,74,Lens sp.,6,2,
185,III,346,269.1,74,medium Leguminosae,4,1,
185,III,346,269.1,74,Prunus amygdalus,37,12,
185,III,346,269.1,74,Pyrus amygdaliformis,24,8,
185,III,346,269.1,74,Calendula sp.,1,0.3,
185,III,346,269.1,74,Lithospennum arvense,7,2,
185,III,346,269.1,74,Uthospennum dlicinale,1,0.3,
185,III,346,269.1,74,Liliaceae sp.,6,2,
185,III,346,269.1,74,Avena sp.,64,21,
185,III,346,269.1,74,Hordeum vulgare ssp. Spontaneum,3,1,
186,III,277,212.6,73,Cruciferae sp.seeds,3,0.9,
186,III,277,212.6,73,Capparis sp.,5,1,
186,III,277,212.6,73,Malva parviflora,1,0.3,
186,III,277,212.6,73,Pista.cia cf. lentiscus,224,69,
186,III,277,212.6,73,Lens sp.,2,0.6,
186,III,277,212.6,73,large Lathyrus sp.,1,0.3,
186,III,277,212.6,73,small Leguminosae,2,0.6,
186,III,277,212.6,73,large Leguminosae,1,0.3,
186,III,277,212.6,73,Prunus amygdalus,72,22,
186,III,277,212.6,73,Phalaris sp.,1,0.3,
186,III,277,212.6,73,Avena sp.,13,4,
186,III,277,212.6,73,Hordeum vulgare ssp. Spontaneum,,,1
186,III,277,212.6,73,seed indet.,,,14
187,III,277,250.3,78,Adonis sp.,1,0.3,
187,III,277,250.3,78,Cruciferae sp.seeds,7,2,
187,III,277,250.3,78,Capparis sp.,1,0.3,
187,III,277,250.3,78,Pistacia cf. lentiscus,122,39,
187,III,277,250.3,78,Lens sp.,7,2,
187,III,277,250.3,78,small Leguminosae,3,1,
187,III,277,250.3,78,medium Leguminosae,6,2,
187,III,277,250.3,78,Prunus amygdalus,99,32,
187,III,277,250.3,78,Pyrus amygdaliformis,23,7,
187,III,277,250.3,78,Lithospermum arvense,2,0.6,
187,III,277,250.3,78,Liliaceae sp.,2,0.6,
187,III,277,250.3,78,Avena sp.,36,12,
187,III,277,250.3,78,Hordeum vulgare ssp. Spontaneum,1,0.3,
188,III,277,372.5,81,Adonis sp.,2,0.5,
188,III,277,372.5,81,Pistacia cf. lentiscus,227,58,
188,III,277,372.5,81,Lens sp.,6,1,
188,III,277,372.5,81,Leguminosae indet.,,,6
188,III,277,372.5,81,Prunus amygdalus,1,28,
188,III,277,372.5,81,Pyrus amygdaliformis,37,9,
188,III,277,372.5,81,cf. Colchicum/Polygonatum,1,0.2,
188,III,277,372.5,81,Avena sp.,4,1,
188,III,277,372.5,81,Hordeum vulgare ssp. Spontaneum,3,0.8,
188,III,277,372.5,81,culm node indet.,1,0.2,
189,III,346,210,100,Adonis sp.,1,0.2,
189,III,346,210,100,Fumaria sp.,1,0.2,
189,III,346,210,100,Cruciferae sp.seed,1,0.2,
189,III,346,210,100,Capparis sp.,1,0.2,
189,III,346,210,100,Polygonum sp.,2,0.4,
189,III,346,210,100,Pistacia cf. lentiscus,359,65,
189,III,346,210,100,Lens sp.,10,2,
189,III,346,210,100,Pisum/Vicia sp.,1,0.2,
189,III,346,210,100,small Leguminosae,8,1,
189,III,346,210,100,medium Leguminosae,5,0.9,
189,III,346,210,100,Prunus amygdalus,80,14,
189,III,346,210,100,Pyrus amygdaliformis,16,3,2
189,III,346,210,100,Lithospermum arvense,3,0.5,
189,III,346,210,100,Celtis cf. tournifortii,1,0.2,
189,III,346,210,100,Phalaris sp.,1,0.2,
189,III,346,210,100,Avena sp.,61,11,
189,III,346,210,100,Hordeum vulgare ssp. Spontaneum,2,0.4,
190,III,312,267.9,89,Cruciferae sp.seeds,6,1,
190,III,312,267.9,89,Capparis sp.,1,0.2,
190,III,312,267.9,89,Pistacia cf. lentiscus,343,71,
190,III,312,267.9,89,Lens sp.,3,0.6,
190,III,312,267.9,89,Medicago sp.,1,0.2,
190,III,312,267.9,89,small Leguminosae,3,0.6,
190,III,312,267.9,89,medium Leguminosae,2,0.4,
190,III,312,267.9,89,Prunus amygdalus,83,17,
190,III,312,267.9,89,Pyrus amygdalifonnis,11,2,
190,III,312,267.9,89,Avena sp.,29,6,
190,III,312,267.9,89,Hordeum vulgare ssp. Spontaneum,,,3
191,III,381,449.5,87,Cruciferae sp. seeds,6,0.5,
191,III,381,449.5,87,Capparis sp.,1,0.08,
191,III,381,449.5,87,Pistacia cf. lentiscus,906,77,
191,III,381,449.5,87,Lens sp.,2,0.2,
191,III,381,449.5,87,Medicago sp.,2,0.2,
191,III,381,449.5,87,small Leguminosae,5,0.4,
191,III,381,449.5,87,medium Legurninosae,1,0.08,
191,III,381,449.5,87,Prunus amygdalus,133,11,
191,III,381,449.5,87,Pyrus amygdaliformis,7,0.6,
191,III,381,449.5,87,Avena sp.,114,10,
191,III,381,449.5,87,Hordeum vulgare ssp. Spontaneum,2,0.2,11
192,III,346,409.5,86,Adonis sp.,1,O.Q7,
192,III,346,409.5,86,Fumaria sp.,2,0.1,
192,III,346,409.5,86,Cruciferae sp.seeds,11,0.8,
192,III,346,409.5,86,Capparis sp.,2,0.1,
192,III,346,409.5,86,Polygonum sp.,3,0.2,
192,III,346,409.5,86,Malva parviflora,1,0.07,
192,III,346,409.5,86,Vitis vinifera ssp. Sylvestris,1,0.07,
192,III,346,409.5,86,Pistacia cf. lentiscus,808,58,
192,III,346,409.5,86,Lens sp.,18,1,
192,III,346,409.5,86,Medicago sp.,1,0.07,
192,III,346,409.5,86,small Leguminosae,1,0.07,
192,III,346,409.5,86,Prunus amygdalus,170,12,
192,III,346,409.5,86,Pyrus amygdalifonnis,10,0.7,
192,III,346,409.5,86,Alkanna sp.,3,0.2,
192,III,346,409.5,86,Liliaceae sp.,3,0.2,
192,III,346,409.5,86,cf. Colchicum/Polygonatum,1,0.07,
192,III,346,409.5,86,Phalaris sp.,1,0.07,
192,III,346,409.5,86,Avena sp.,349,25,
192,III,346,409.5,86,Hordeum vulgare ssp. Spontaneum,1,0.07,19
193,III,30,28.2,100,Pistacia cf. Jentiscus,222,86,
193,III,30,28.2,100,Prunus amygdalus,20,8,
193,III,30,28.2,100,Pyrus amygdalifonnis,2,0.8,
193,III,30,28.2,100,Alkanna sp.,1,0.4,
193,III,30,28.2,100,Monocotyledonae capsule,1,0.4,
193,III,30,28.2,100,Avena sp.,11,4,
193,III,30,28.2,100,Hordeum vulgare ssp. Spontaneum,1,0.4,
194,III,28,57.8,100,Cruciferae sp.seeds,3,0.4,
194,III,28,57.8,100,Capparis sp.,1,0.1,
194,III,28,57.8,100,Malva parviflora,1,0.1,
194,III,28,57.8,100,Pistacia cf. Jentiscus,522,66,
194,III,28,57.8,100,VJcia/Lathyrus sp. no. 1,1,0.1,
194,III,28,57.8,100,Lens sp.,10,1,
194,III,28,57.8,100,small Leguminosae,9,1,
194,III,28,57.8,100,Prunus amygdalus,38,5,
194,III,28,57.8,100,Pyrus amygdalifonnis,6,0.7,
194,III,28,57.8,100,Alkanna sp.,2,0.2,
194,III,28,57.8,100,Avena sp.,213,26,
194,III,28,57.8,100,Hordeum vulgare ssp. Spontaneum,1,0.1,18
195,III,440,197.3,100,Prunus amygdalus,30,100,
195,III,440,197.3,100,no flot,,,
196,III,554,213.9,81,Fumaria sp.,1,0.4,
196,III,554,213.9,81,Cruciferae sp.seed,1,0.4,
196,III,554,213.9,81,Pistacia cf. lentiscus,85,36,
196,III,554,213.9,81,Lens sp.,5,2,
196,III,554,213.9,81,Pisum!Vicia sp.,1,0.4,
196,III,554,213.9,81,small Legurninosae,10,4,
196,III,554,213.9,81,Prunus amygdalus,26,11,
196,III,554,213.9,81,Pyrus amygdaliformis,12,5,
196,III,554,213.9,81,Galium sp.,1,0.4,
196,III,554,213.9,81,Lithospermum arvense,5,2,
196,III,554,213.9,81,Avena sp.,84,36,
196,III,554,213.9,81,Hordeum vulgare ssp. Spontaneum,5,2,
196,III,554,213.9,81,seed indet.,,,8
197,III,226,81.6,100,Prunus amygdalus,24,100,
198,III,208,98.5,100,Pistacia cf. lentiscus,27,22,
198,III,208,98.5,100,Lens sp.,2,2,
198,III,208,98.5,100,small Leguminosae,2,2,
198,III,208,98.5,100,large Leguminosae,1,0.8,
198,III,208,98.5,100,Prunus amygdalus,11,9,
198,III,208,98.5,100,Pyrus amygdalifonnis,13,10,
198,III,208,98.5,100,Calendula sp.,1,0.8,
198,III,208,98.5,100,Alkanna sp.,1,0.8,
198,III,208,98.5,100,Avena sp.,60,49,
198,III,208,98.5,100,Hordeum vulgare ssp. Spontaneum,5,4,
199,II/III,242,59.6,100,Pistacia cf. 1entiscus,1,6,
199,II/III,242,59.6,100,small Leguminosae,2,12,
199,II/III,242,59.6,100,Prunus amygdalus,5,31,
199,II/III,242,59.6,100,Lithospermum arvense,1,6,
199,II/III,242,59.6,100,cf. Colchicum/Polygonatum,2,12,
199,II/III,242,59.6,100,Avena sp.,4,25,
199,II/III,242,59.6,100,culm node indet.,1,6,
200,II/III,208,54,100,Pistacia cf. lentiscus,,,3
200,II/III,208,54,100,medium Leguminosae,1,6,
200,II/III,208,54,100,Prunus amygdalus,12,75,
200,II/III,208,54,100,Pyrus amygdaliformis,2,,12
200,II/III,208,54,100,Lithospermum arvense,1,6,
201,II/III,141,19.7,100,Pistacia cf. lentiscus,,25,3
201,II/III,141,19.7,100,Prunus amygdalus,2,50,
201,II/III,141,19.7,100,Lithospennum arvense,1,,25
202,II/III,277,67.4,100,Pistacia sp.,,,1
202,II/III,277,67.4,100,Lens sp.,2,28,
202,II/III,277,67.4,100,small Leguminosae,1,14,
202,II/III,277,67.4,100,Prunus amygdalus,3,43,
202,II/III,277,67.4,100,Alkanna sp.,1,14,
203,I/III,366,64.7,100,Malva parviflora,1,9,
203,I/III,366,64.7,100,Pistacia cf. lentiscus,1,9,
203,I/III,366,64.7,100,Lens sp.,1,9,
203,I/III,366,64.7,100,Prunus amygdalus,2,18,
203,I/III,366,64.7,100,Alkanna sp.,1,9,
203,I/III,366,64.7,100,Avena sp.,5,45,
204,I/III,312,17.7,100,Prunus amygdalus,,,1
204,I/III,312,17.7,100,Submitted for C14 dating,,,
205,II,381,19.7,100,Pistacia cf. lentiscus,3,14,
205,II,381,19.7,100,small Leguminosae,1,4,
205,II,381,19.7,100,Prunus amygdalus,2,9,
205,II,381,19.7,100,Lithospennum arvense,8,36,
205,II,381,19.7,100,Alkanna sp.,8,36,
205,II,381,19.7,100,Avena sp.,,,1
206,Ib,277,9.8,100,small Leguminosae,1,4,
206,Ib,277,9.8,100,Pyrus amygdalifonnis,1,4,
206,Ib,277,9.8,100,Lithospennum arvense,12,50,
206,Ib,277,9.8,100,Alkanna sp.,9,37,
206,Ib,277,9.8,100,Avena sp.,1,4,
207,Ib,298,6.7,100,Lithospennum arvense,1,17,
207,Ib,298,6.7,100,Alkanna sp.,5,83,
208,Ib,797,10.1,100,Vicia/Lathyrus sp. no.1 ,1,0.3,
208,Ib,797,10.1,100,Pyrus amygdaliformis,1,0.3,
208,Ib,797,10.1,100,Lithospennum arvense,179,49,
209,Ib,624,2.2,100,Lithospennum arvense,108,68,
209,Ib,624,2.2,100,Anchusa sp.,1,0.6,
209,Ib,624,2.2,100,Alkanna sp.,49,31,
210,NA,244,0,0,NA,,,
211,Ib,15,1.1,100,Lithospennum arvense,41,43,
211,Ib,15,1.1,100,Anchusa sp.,5,5,
211,Ib,15,1.1,100,Alkanna sp.,49,52,
212,Ib,488,3.6,100,Lithospennum arvense,301,96,
212,Ib,488,3.6,100,Anchusa sp.,1,0.3,
212,Ib,488,3.6,100,Alkanna sp.,11,3,
213,Ib,107,0.8,100,Pistacia cf. lentiscus,1,2,
213,Ib,107,0.8,100,Lithospennum arvense,17,35,
213,Ib,107,0.8,100,Anchusa sp.,6,12,
213,Ib,107,0.8,100,Alkanna sp.,24,50,
214,Ib,391,1.4,100,Lithospennum arvense,72,44,
214,Ib,391,1.4,100,Alkanna sp.,91,56,
215,Ib,77,1.3,100,Lithospennum arvense,93,45,
215,Ib,77,1.3,100,Alkanna sp.,113,55,
216,Ib,90,2.5,100,Pistacia cf. lentiscus,2,0.3,
216,Ib,90,2.5,100,Lithospennum arvense,881,98,
216,Ib,90,2.5,100,Anchusa sp.,3,0.3,
216,Ib,90,2.5,100,AJkanna sp.,13,1,
217,Ib,179,4,100,Pistacia cf. lentiscus,,,3
217,Ib,179,4,100,Lithospennum arvense,576,67,
217,Ib,179,4,100,Anchusa sp.,1,0.1,
217,Ib,179,4,100,Alkanna sp.,278,32,
218,Ia,213,0.2,100,Lithospennum arvense,25,35,
218,Ia,213,0.2,100,Alkanna sp.,46,65,
219,Ia,672,0.8,100,Lithospennum arvense,35,15,
219,Ia,672,0.8,100,Ancbusa sp.,1,0.4,
219,Ia,672,0.8,100,A1kanna sp.,203,85,
220,Ia,213,1.2,100,Lithospennum arvense,99,24,
220,Ia,213,1.2,100,Alkanna sp.,313,76,
221,Ia,315,1.6,100,Lithospennum arvense,148,34,
221,Ia,315,1.6,100,Alkanna sp.,284,66,
222,Ia,316,2,100,Lithospennum arvense,49,8,
222,Ia,316,2,100,Alkanna sp.,559,92,
223,Ia,693,3.5,100,Lithospennum arvense,31,3,
223,Ia,693,3.5,100,Alkanna sp.,1088,97,
224,Ia,561,2.7,100,Lithospennum arvense,167,18,
224,Ia,561,2.7,100,Alkanna sp.,747,82,
225,Ia,416,3.4,100,Lithospennum arvense,159,13,
225,Ia,416,3.4,100,Alkanna sp.,1023,86,
226,Ia,866,5.9,100,Lithospennum arvense,248,111,
226,Ia,866,5.9,100,Anchusa sp.,1,0.04,
226,Ia,866,5.9,100,Alkanna sp.,2001,89,
227,Ia,146,0.7,100,Lithospennum arvense,7,4,
227,Ia,146,0.7,100,Alkanna sp.,152,96,