Unit,Zone,Liters,Tot_Flot_g,species,complete,percent,Frags.,
120,VII,266,92.6,Lens sp.,2,6,,
120,VII,266,92.6,medium Leguminosae,,,1,
120,VII,266,92.6,Prunus amygdalus,3,9,,
120,VII,266,92.6,Lithospennum arvense,3,9,,
120,VII,266,92.6,Alkanna sp.,2,6,,
120,VII,266,92.6,Triticum turgidum ssp. Dicoccum,4,12,,
120,VII,266,92.6,T. monococum,,,1,
120,VII,266,92.6,Hordeum vulgare ssp. Distichum,19,56,,
120,VII,266,92.6,glume base indet.,1,3,,
121,VII,266,129.7,Cruciferae sp.- seed,1,3,,
121,VII,266,129.7,Pistacia cf. lentiscus,,,4,
121,VII,266,129.7,Lens sp.,3,10,,
121,VII,266,129.7,medium Leguminosae,,,2,
121,VII,266,129.7,Prunus amygdalus,3,10,,
121,VII,266,129.7,Lithospermum arvense,6,20,,
121,VII,266,129.7,Triticum turgidum ssp. Dicoccum,12,40,4,
121,VII,266,129.7,T. monococcum,,,2,
121,VII,266,129.7,Hordeum vulgare ssp. Distichum,4,13,10,
121,VII,266,129.7,spikelet fork indet.,1,3,,
121,VII,266,129.7,Gramineae indet.,,,4,
121,VII,266,129.7,seed indet.,1,,,
122,VII,299,149.9,Cruciferae sp.-seed,1,0.7,,
122,VII,299,149.9,Lens sp.,1,0.7,,
122,VII,299,149.9,large Lathyrus sp.,1,0.7,,
122,VII,299,149.9,Prunus amygdalus,7,5,,
122,VII,299,149.9,Lithospermum arvense,19,13,,
122,VII,299,149.9,Alkanna sp.,2,1,,
122,VII,299,149.9,Triticum monococcum,19,13,1,
122,VII,299,149.9,Triticum monococcum,4,3,,
122,VII,299,149.9,Triticum turgidum ssp. Dicoccum,21,15,3,
122,VII,299,149.9,Triticum turgidum ssp. Dicoccum,41,29,,
122,VII,299,149.9,Triticum turgidum ssp. Dicoccum,3,2,,
122,VII,299,149.9,Hordeum vulgare ssp. Distichum,8,5,20,
122,VII,299,149.9,spikelet forks indet.,6,4,,
122,VII,299,149.9,glume bases indet.,7,5,,
122,VII,299,149.9,rachis frag. indet.,1,0.7,,
122,VII,299,149.9,Gramineae indet.,,,5,
123,VII,202,180.4,Vicia/Lathyrus,1,3,,
123,VII,202,180.4,small Lathyrus sp.,1,3,,
123,VII,202,180.4,medium Leguminosae,1,3,,
123,VII,202,180.4,Prunus amygdalus,13,43,,
123,VII,202,180.4,Lithospermum arvense,3,10,,
123,VII,202,180.4,Triticum turgidum ssp. Dicoccum,5,17,2,
123,VII,202,180.4,Hordeum vulgare ssp. Distichum,3,10,6,
123,VII,202,180.4,spikelet forks indet.,3,10,,
123,VII,202,180.4,indet.,,,1,
124,VII,29,255.6,Lens sp.,1,5,,
124,VII,29,255.6,Prunus amygdalus,10,53,,
124,VII,29,255.6,Lithospermum arvense,3,16,, 
124,VII,29,255.6,Triticum turgidum ssp. Dicoccum,5,26,,
124,VII,29,255.6,seed indet.,,,1,
125,VII,79,44.3,Prunus amygdalus,6,40,,
125,VII,79,44.3,Lithospermum arvense,1,7,,
125,VII,79,44.3,Alkanna sp.,1,7,,
125,VII,79,44.3,Triticum turgidum ssp. Dicoccum,4,27,,
125,VII,79,44.3,Triticum turgidum ssp. Dicoccum,1,7,,
125,VII,79,44.3,spikelet forks indet.,2,13,,
126,VII,29,83.5,small Lathyrus sp.,1,3,,
126,VII,29,83.5,Prunus amygdalus,11,38,,
126,VII,29,83.5,Lithospermum arvense,6,21,,
126,VII,29,83.5,Triticum turgidum ssp. Dicoccum,3,10,,
126,VII,29,83.5,Hordeum vulgare ssp. Distichum,6,21,,
126,VII,29,83.5,Hordeum vulgare ssp. Distichum,2,7,,
126,VII,29,83.5,Gramineae indet.,,,5,
127,VII,227,1177.6,Vtcia/Lathyrus sp. no. 1,2,5,,
127,VII,227,1177.6,Lens sp.,2,5,,
127,VII,227,1177.6,small Lathyrus sp.,1,2,,
127,VII,227,1177.6,medium Legurninosae,6,14,,
127,VII,227,1177.6,large Leguminosae,1,2,,
127,VII,227,1177.6,Prunus amygdalus,10,24,,
127,VII,227,1177.6,Lithospermum arvense,4,9,,
127,VII,227,1177.6,Triticum turgidum ssp. Dicoccum,2,5,1,
127,VII,227,1177.6,Triticum turgidum ssp. Dicoccum,13,31,,
127,VII,227,1177.6,Hordeum vulgare ssp. Distichum,1,2,4,
127,VII,227,1177.6,Gramineae indet.,,,7,
127,VII,227,1177.6,indet.,,,1,
128,VII,63,107.1,Cruciferae sp.-seeds,5,10,,
128,VII,63,107.1,Pistacia cf. lentiscus,5,10,,
128,VII,63,107.1,VJCia/Lathyrus sp. no. 2,1,2,,
128,VII,63,107.1,Medicago sp.,3,6,,
128,VII,63,107.1,medium Leguminosae,1,2,,
128,VII,63,107.1,Prunus amygdalus,12,23,,
128,VII,63,107.1,Lithospermum arvense,3,6,,
128,VII,63,107.1,Triticum turgidum ssp. Dicoccum,14,27,,
128,VII,63,107.1,Hordeum vulgare ssp. Distichum,2,4,,
128,VII,63,107.1,spikelet forks indet.,4,8,,
128,VII,63,107.1,glume base indet.,2,4,,
129,VII,266,795.2,Cruciferae sp.-seeds,7,6,,
129,VII,266,795.2,Cruciferae sp.-capsules,3,3,,
129,VII,266,795.2,Pistacia cf. lentiscus,1,0.9,,
129,VII,266,795.2,Vicia/Lathyrus sp. no. 1,5,5,,
129,VII,266,795.2,Lens sp.,11,10,,
129,VII,266,795.2,small Lathyrus sp.,1,0.9,,
129,VII,266,795.2,Medicago sp.,8,7,,
129,VII,266,795.2,small Leguminosae,1,0.9,,
129,VII,266,795.2,medium Leguminosae,3,3,,
129,VII,266,795.2,Prunus amygdalus,14,13,,
129,VII,266,795.2,Pyrus amygdaliformis,1,0.9,,
129,VII,266,795.2,Lithospermum arvense,5,5,,
129,VII,266,795.2,Alkanna sp.,1,0.9,,
129,VII,266,795.2,Teucrium sp.,1,0.9,,
129,VII,266,795.2,Triticum monococcum,3,3,,
129,VII,266,795.2,Triticum turgidum ssp. Dicoccum,31,28,1,
129,VII,266,795.2,Triticum turgidum ssp. Dicoccum,2,2,,
129,VII,266,795.2,Hordeum vulgare ssp. Distichum,5,5,13,
129,VII,266,795.2,spikelet forks indet.,4,4,,
129,VII,266,795.2,glume bases indet.,2,2,,
130,VII,80,67,Cruciferae sp.-seeds,3,15,,
130,VII,80,67,sp. no. 1,2,10,,
130,VII,80,67,Medicago sp.,4,20,,
130,VII,80,67,Prunus amygdalus,3,15,,
130,VII,80,67,Lithospermum arvense,2,10,,
130,VII,80,67,Teucrium sp.,1,5,,
130,VII,80,67,Triticum turgidum ssp. Dicoccum,1,5,,
130,VII,80,67,Hordeum vulgare ssp. Distichum,2,10,,
130,VII,80,67,spikelet forks indet.,2,10,,
131,VIIb,465,227.3,Cruciferae sp.-seeds,4,4,,
131,VIIb,465,227.3,Pistacia cf. lentiscus,,,5,
131,VIIb,465,227.3,Lens sp.,2,2,,
131,VIIb,465,227.3,small Lathyrus sp.,4,4,,
131,VIIb,465,227.3,Medicago sp.,13,14,,
131,VIIb,465,227.3,medium Leguminosae,9,10,,
131,VIIb,465,227.3,large Leguminosae,5,5,,
131,VIIb,465,227.3,Prunus amygdalus,18,20,,
131,VIIb,465,227.3,Lithospermum arvense,11,12,,
131,VIIb,465,227.3,Triticum monococcum,1,1,,
131,VIIb,465,227.3,T. monococcum,1,1,,
131,VIIb,465,227.3,Triticum turgidum ssp. Dicoccum,7,8,6,
131,VIIb,465,227.3,Triticum turgidum ssp. Dicoccum,2,2,,
131,VIIb,465,227.3,Hordeum vulgare ssp. Distichum,8,9,6,
131,VIIb,465,227.3,Hordeum vulgare ssp. Distichum,3,3,,
131,VIIb,465,227.3,culm nodes indet.,3,3,,
132,Vllb,168,185.5,Fumaria sp.,1,1,,
132,Vllb,168,185.5,Cruciferae sp.-seeds,3,4,,
132,Vllb,168,185.5,Lens sp.,2,3,,
132,Vllb,168,185.5,Medicago sp.,13,18,,
132,Vllb,168,185.5,small Leguminosae,1,1,,
132,Vllb,168,185.5,Prunus amygdalus,7,10,,
132,Vllb,168,185.5,Lithospennum arvense,13,18,,
132,Vllb,168,185.5,Alkanna sp.,2,3,,
132,Vllb,168,185.5,T. monococcum,1,1,,
132,Vllb,168,185.5,Triticum turgidum ssp. Dicoccum,3,4,,
132,Vllb,168,185.5,Hordeum vulgare ssp. Distichum,24,34,9,
132,Vllb,168,185.5,culm node indet.,1,1,,
133,Vllb,14,77.3,Cruciferae sp.-seed,1,5,,
133,Vllb,14,77.3,Pistacia cf. lentiscus,,,2,
133,Vllb,14,77.3,Vicia/Lathyrus sp. no. 1,1,5,,
133,Vllb,14,77.3,Lens sp.,2,9,,
133,Vllb,14,77.3,Pisum/Vicia sp.,1,5,,
133,Vllb,14,77.3,medium Leguminosae,2,9,,
133,Vllb,14,77.3,Prunus amygdalus,7,33,,
133,Vllb,14,77.3,Lithospennum arvense,1,5,,
133,Vllb,14,77.3,Triticum turgidum ssp. Dicoccum,2,9,,
133,Vllb,14,77.3,Hordeum vulgare ssp. Distichum,3,14,,
133,Vllb,14,77.3,culm node indet.,1,5,,
134,VIIb,64,227.5,Cruciferae sp.-seed,1,3,,
134,VIIb,64,227.5,Pistacia cf. lentiscus,1,3,,
134,VIIb,64,227.5,Medicago sp.,6,19,,
134,VIIb,64,227.5,Prunus amygdalus,7,23,,
134,VIIb,64,227.5,Lithospennum arvense,6,19,,
134,VIIb,64,227.5,Schoenus nigricans,1,3,,
134,VIIb,64,227.5,Hordeum vulgare ssp. Distichum,1,3,5,
134,VIIb,64,227.5,culm node indet.,1,3,,
135,VIIb,44,33.8,VICia/Lathyrus sp. no. 1,1,50,,
135,VIIb,44,33.8,Prunus amygdalus,1,50,,
136,Vllb,199,320.1,Vicia/Lathyrus sp. no. 1,1,5,,
136,Vllb,199,320.1,large Pisurn sp.,1,5,,
136,Vllb,199,320.1,Medicago sp.,3,17,,
136,Vllb,199,320.1,Prunus amygdalus,9,50,,
136,Vllb,199,320.1,Lithospermum arvense,2,11,,
136,Vllb,199,320.1,Hordeum vulgare ssp. Distichum,2,11,,
137,VIIb,166,103.9,Adonis sp.,1,3,,
137,VIIb,166,103.9,Cruciferae sp.-seeds,5,13,,
137,VIIb,166,103.9,Pistacia cf. Jentiscus,1,3,5,
137,VIIb,166,103.9,Vicia!Lathyrus sp. no. 1,1,3,,
137,VIIb,166,103.9,Lens sp.,1,3,,
137,VIIb,166,103.9,Medicago sp.,9,24,,
137,VIIb,166,103.9,medium Leguminosae,1,3,,
137,VIIb,166,103.9,Prunus amygdalus,6,16,,
137,VIIb,166,103.9,Lithospermum arvens.e,2,5,,
137,VIIb,166,103.9,Lithospermurn cf. apulurn,1,3,,
137,VIIb,166,103.9,Echium sp.,4,10,,
137,VIIb,166,103.9,Alkanna sp.,2,5,,
137,VIIb,166,103.9,Triticum turgidum ssp. Dicoccum,2,5,,
137,VIIb,166,103.9,Hordeum vulgare ssp. Distichum,3,8,4,
138,VIla,29,10,Pistacia cf. lentiscus,1,100,,
138,VIla,29,10,Gramineae indet.,,,1,
139,VIla,58,5.1,Fumaria sp.,1,8,,
139,VIla,58,5.1,Lens sp.,3,25,,
139,VIla,58,5.1,Galium sp.,3,25,,
139,VIla,58,5.1,Lithospermum arvense,1,8,,
139,VIla,58,5.1,Triticum turgidum ssp. Dicoccum,1,8,,
139,VIla,58,5.1,Hordeum vulgare ssp. Distichum,3,25,,
140,VIla,73,10.1,Lens sp.,1,17,,
140,VIla,73,10.1,large Leguminosae,1,17,,
140,VIla,73,10.1,Lithospermum arvense,1,17,,
140,VIla,73,10.1,Echium sp.,1,17,,
140,VIla,73,10.1,Hordeum vulgare ssp. Distichum,2,33,,
141,VIla,55,5,Pistacia cf. lentiscus,1,20,,
141,VIla,55,5,Lithospermum arvense,3,60,,
141,VIla,55,5,Triticum turgidum ssp. Dicoccum,1,20,,
142,VIla,88,22.4,Lens sp.,6,50,,
142,VIla,88,22.4,Alkanna sp.,1,8,,
142,VIla,88,22.4,Triticum turgidum ssp. Dicoccum,1,8,,
142,VIla,88,22.4,Hordeum vulgare ssp. Distichum,4,33,,
143,VIla,182,8.5,Lens sp.,1,20,,
143,VIla,182,8.5,Lithospermum arvense,1,20,,
143,VIla,182,8.5,Alkanna sp.,1,20,,
143,VIla,182,8.5,Hordeum vulgare ssp. Distichum,2,40,,
144,VIla,199,5.2,Lens sp.,5,33,,
144,VIla,199,5.2,Coriandrum sp.,1,7,,
144,VIla,199,5.2,Triticum turgidum ssp. Dicoccum,1,7,,
144,VIla,199,5.2,Hordeum vulgare ssp. Distichum,8,53,2,
145,VIla,75,5,Triticum turgidum ssp. Dicoccum,1,100,,
145,VIla,75,5,Hordeum vulgare ssp. Distichum,,,1,
146,VIla,398,15.5,Fumaria sp.,1,1,,
146,VIla,398,15.5,Vicia ervilia,1,1,,
146,VIla,398,15.5,Lens sp.,37,54,,
146,VIla,398,15.5,medium Leguminosae,3,4,,
146,VIla,398,15.5,Lithospermum arvense,5,7,,
146,VIla,398,15.5,Triticum turgidum ssp. Dicoccum,3,4,1,
146,VIla,398,15.5,Hordeum vulgare ssp. Distichum,18,26,,
146,VIla,398,15.5,spikelet fork indet.,1,1,,
147,VIla,31,5,Lithospermum arvense,1,50,,
147,VIla,31,5,Hordeum vulgare ssp. Distichum,1,50,,
148,VIla,110,3.9,Pistacia cf. lentiscus,,,2,
148,VIla,110,3.9,Lens sp.,17,85,,
148,VIla,110,3.9,Triticum turgidum ssp. Dicoccum,1,5,,
148,VIla,110,3.9,Hordeum vulgare ssp. Distichum,2,10,2,
149,,25,0,NA,,,,
150,VI,249,1.1,Avena sp.,,,1,
150,VI,249,1.1,Triticum turgidum ssp. Dicoccum,1,100,,
151,VI,199,8.8,Prunus amygdalus,,,1,
151,VI,199,8.8,Triticum turgidum ssp. Dicoccum,1,100,,
152,cleaning unit,,,NA,,,,
153,,76,0.1,NA,,,,
154,VI,85,5,Alkanna sp.,1,100,,
155,VI,12,0.3,medium Leguminosae,1,100,,
156,VI,93,1.7,Triticum turgidum ssp. Dicoccum,1,100,,
157,,43,0.5,NA,,,,
158,,96,1.5,NA,,,,
159,V/VI,32,1.6,Lithospermum arvense,1,100,,
159,V/VI,32,1.6,Gramineae indet.,,,1,
160,V/VI,70,3.9,Prunus amygdalus,,,2,
161,V/VI,131,11.3,Prunus amygdalus,1,9,,
161,V/VI,131,11.3,Pyrus amygdaliformis,1,9,,
161,V/VI,131,11.3,Alkanna sp.,1,9,,
161,V/VI,131,11.3,Avena sp.,4,36,,
161,V/VI,131,11.3,Triticum turgidum ssp. Dicoccum,3,27,1,
161,V/VI,131,11.3,Hordeum vulgare ssp. Distichum,,,2,
161,V/VI,131,11.3,culm node indet.,,9,,
162,V/VI,66,5.7,Prunus amygdalus,,,7,
162,V/VI,66,5.7,Triticum turgidum ssp. Dicoccum,6,100,,
163,V/VI,299,14.9,large Lathyrus sp.,1,12,,
163,V/VI,299,14.9,large Leguminosae,1,12,,
163,V/VI,299,14.9,Prunus amygdalus,1,12,,
163,V/VI,299,14.9,Coriandrum sp.,1,12,,
163,V/VI,299,14.9,Avena sp.,1,12,,
163,V/VI,299,14.9,Triticum turgidum ssp. Dicoccum,3,37,1,
163,V/VI,299,14.9,Hordeum vulgare ssp. Distichum,,,1,
164,V/VI,176,17.7,Pistacia cf. lentiscus,,,1,
164,V/VI,176,17.7,Prunus amygdalus,,,2,
164,V/VI,176,17.7,Alkanna sp.,3,100,,
164,V/VI,176,17.7,Gramineae indet.,,,1,
165,V/VI,132,8.2,Prunus amygdalus,,,8,
165,V/VI,132,8.2,Avena sp.,2,66,,
165,V/VI,132,8.2,culm node indet.,1,33,,
166,V/VI,62,10,Prunus amygdalus,1,25,,
166,V/VI,62,10,Avena sp.,3,75,,
167,V/VI,132,6.7,Malva parviflora,1,33,,
167,V/VI,132,6.7,Avena sp.,2,66,,
168,cleaning unit,,,NA,,,,
169,V/VI,62,10.2,Pistacia cf. 1entiscus,1,10,3,
169,V/VI,62,10.2,small Lathyrus sp.,2,20,,
169,V/VI,62,10.2,Pyrus amygdaliformis,1,10,,
169,V/VI,62,10.2,Alkanna sp.,1,10,,
169,V/VI,62,10.2,Avena sp.,2,20,,
169,V/VI,62,10.2,Triticum turgidum ssp. Dicoccum,1,10,,
169,V/VI,62,10.2,Hordeum vulgare ssp. Spontaneum,2,20,,
170,V,284,23.5,Pisum/Vicia sp.,1,50,,
170,V,284,23.5,Prunus amygdalus,1,50,,
171,,22,1.6,NA,,,,
172,V,,26.4,Pistacia cf. lentiscus,1,25,,
172,V,,26.4,Leguminosae indet.,,,1,
172,V,,26.4,Vicia/Latlzyrus sp. no. 1,1,25,,
172,V,,26.4,Alkanna sp.,2,50,,
173,V,107,60.7,Pistacia cf. lentiscus,8,40,,
173,V,107,60.7,Vicia/Lathyrus sp. no. 1,1,5,,
173,V,107,60.7,small Lathyrus sp.,2,10,,
173,V,107,60.7,small Leguminosae,2,10,,
173,V,107,60.7,Prunus amygdalus,3,15,,
173,V,107,60.7,Alkanna sp.,1,5,,
173,V,107,60.7,Avena sp.,1,5,,
173,V,107,60.7,Hordeum vulgare ssp. Spontaneum,2,10,,
174,V,42,20.7,Pistacia cf. lentiscus,3,27,1,
174,V,42,20.7,VICia/LathyruS sp. no.,1,9,,
174,V,42,20.7,Lens sp.,3,27,,
174,V,42,20.7,Prunus amygdalus,1,9,,
174,V,42,20.7,Pyrus amygdalifonnis,2,18,,
174,V,42,20.7,Liliaceae sp.,1,9,,
175,V,137,40.6,Pistacia cf. Jentiscus,1,8,2,
175,V,137,40.6,Lens sp.,5,42,,
175,V,137,40.6,Prunus amygdalus,2,17,,
175,V,137,40.6,Pyrus amygdalifonnis,2,17,,
175,V,137,40.6,Alkanna sp.,1,8,,
175,V,137,40.6,Liliaceae sp.,1,8,,
176,V,210,128.7,Pistacia cf. lentiscus,5,42,5,
176,V,210,128.7,Prunus amygdalus,5,42,,
176,V,210,128.7,Avena sp.,1,8,,
176,V,210,128.7,Hordeum vulgare ssp. Spontaneum,1,8,,
177,submitted for C-14 dating,,,NA,,,,
178,V,11,5.4,Leguminosae indet.,,,1,
178,V,11,5.4,Prunus amygdalus,,,3,
179,V,88,167,Pistacia cf. lentiscus,,,5,
179,V,88,167,Vicia ervilia,1,5,,
179,V,88,167,Lens sp.,4,22,,
179,V,88,167,small Lathyrus sp.,2,11,,
179,V,88,167,Prunus amygdalus,3,17,,
179,V,88,167,Lithospennum arvense,1,5,,
179,V,88,167,Alkanna sp.,6,33,,
179,V,88,167,Liliaceae sp.,1,5,,
180,V,82,47.4,Pistacia cf. lentiscus,,,1,
180,V,82,47.4,Lens sp.,1,100,,
180,V,82,47.4,Prunus amygdalus,,,1,
181,V,28,17.4,Prunus amygdalus,,,2,
181,V,28,17.4,Liliaceae sp.,1,100,,
182,missing,,,NA,,,,
183,V,24,39.9,Pistacia cf. lentiscus,4,44,1,
183,V,24,39.9,Vicia ervilia,1,11,,
183,V,24,39.9,Pisum/Vicia sp.,1,11,,
183,V,24,39.9,Prunus amygdalus,3,33,,
184,V,32,0.1,Prunus amygdalus,,,1,
185,cleaning unit,,,NA,,,,
186,V,196,59.3,Pistacia cf. lentiscus,1,33,,
186,V,196,59.3,Prunus amygdalus,1,33,,
186,V,196,59.3,Alkanna sp.,1,33,,
187,IV/V,274,138.6,Cruciferae sp.-seed,1,10,,
187,IV/V,274,138.6,Pistacia cf. lentiscus,1,10,3,
187,IV/V,274,138.6,Lens sp.,1,10,,
187,IV/V,274,138.6,Prunus amygdalus,3,30,,
187,IV/V,274,138.6,Lithosperrnum arvense,3,30,,
187,IV/V,274,138.6,Liliaceae sp.,1,10,,
188,IV/V,72,19.6,Pistacia cf. 1entiscus,1,12,,
188,IV/V,72,19.6,Prunus amygdalus,,,12,
188,IV/V,72,19.6,Lithospermum arvense,7,88,,
189,IV/V,83,76.5,Pistacia cf. lentiscus,6,25,6,
189,IV/V,83,76.5,Lens sp.,2,8,,
189,IV/V,83,76.5,small Lathyrus sp.,1,4,,
189,IV/V,83,76.5,medium Leguminosae,2,8,,
189,IV/V,83,76.5,Prunus amygdalus,10,42,,
189,IV/V,83,76.5,Lithospermum arvense,2,8,,
189,IV/V,83,76.5,Monocotyledonae capsule,1,4,,
190,IV/V,20,31.2,Prunus amygdalus,,,3,
191,IV/V,118,90.7,Pistacia cf. lentiscus,1,17,,
191,IV/V,118,90.7,Prunus amygdalus,2,33,,
191,IV/V,118,90.7,Lithosperrnum arvense,2,33,,
191,IV/V,118,90.7,Alkanna sp.,1,17,,
192,cleaning unit,,,NA,,,,
193,IV/V,42,3.8,Prunus amygdalus,1,100,,
194,IV,34,47.3,Cruciferae sp.-seed,1,1,,
194,IV,34,47.3,Pistacia cf. lentiscus,21,25,,
194,IV,34,47.3,Vtcia/Lathyrus sp. no. 1,2,2,,
194,IV,34,47.3,Lens sp.,5,6,,
194,IV,34,47.3,Medicago sp.,1,1,,
194,IV,34,47.3,Prunus amygdalus,13,15,,
194,IV,34,47.3,Lithosperrnum arvense,38,45,,
194,IV,34,47.3,Liliaceae sp.,1,1,,
194,IV,34,47.3,Avena sp.,3,3,,
195,IV,32,67.1,Pistacia cf. lentiscus,7,7,,
195,IV,32,67.1,Lens sp.,4,4,,
195,IV,32,67.1,Medicago sp.,1,1,,
195,IV,32,67.1,Prunus amygdalus,3,3,,
195,IV,32,67.1,Lithospermum arvense,80,84,,
196,V,173,131.2,Malva parviflora ,1,0.5,,
196,V,173,131.2,Pistacia cf. lentiscus,38,18,,
196,V,173,131.2,Lens sp.,13,6,,
196,V,173,131.2,Medicago sp.,1,0.5,,
196,V,173,131.2,medium Leguminosae,2,1,,
196,V,173,131.2,Prunus amygdalus,36,17,,
196,V,173,131.2,Pyrus amygdaliformis,4,2,,
196,V,173,131.2,Lithospennum arvense,107,51,,
196,V,173,131.2,Alkanna sp.,2,1,,
196,V,173,131.2,Liliaceae sp.,1,0.5,,
196,V,173,131.2,Avena sp.,2,1,6,
196,V,173,131.2,Hordeum vulgare ssp. Spontaneum,1,0.5,,
197,III,5,3.9,Prunus amygdalus,2,100,,
198,ill,211,198.6,Adonis sp.,2,0.4,,
198,ill,211,198.6,Fumaria sp.,1,0.2,,
198,ill,211,198.6,Cruciferae sp.-seeds,5,1,,
198,ill,211,198.6,Capparis sp.,1,0.2,,
198,ill,211,198.6,Erodium sp.,1,0.2,,
198,ill,211,198.6,Pistacia cf. lentiscus,140,30,,
198,ill,211,198.6,Vicia/Lathyrus sp. no. 1,7,1,,
198,ill,211,198.6,Lens sp.,12,2,103,
198,ill,211,198.6,small Lathyrus sp.,1,0.2,,
198,ill,211,198.6,Pisum/Vicia sp.,2,0.4,,
198,ill,211,198.6,Pisum cf. elatius,1,0.2,,
198,ill,211,198.6,medium Leguminosae,5,1,,
198,ill,211,198.6,Prunus amygdalus,123,26,,
198,ill,211,198.6,Pyrus amygdaliformis,10,2,,
198,ill,211,198.6,Lithospermum arvense,1,0.2,6,
198,ill,211,198.6,Alkanna sp.,3,0.6,,
198,ill,211,198.6,Liliaceae sp.,18,4,,
198,ill,211,198.6,cf. Colchicum/Polygonatum,5,1,,
198,ill,211,198.6,Phalaris sp.,1,0.2,,
198,ill,211,198.6,Avena sp.,134,28,,
198,ill,211,198.6,Hordeum vulgare ssp. Spontaneum,,,7,
198,ill,211,198.6,Oramineae indet.,,,1,
199,III,76,5.6,Cruciferae sp.-seed,1,5,,
199,III,76,5.6,Pistacia cf. lentiscus,5,24,4,
199,III,76,5.6,Lens sp.,5,24,,
199,III,76,5.6,Prunus amygdalus,2,9,,
199,III,76,5.6,Liliaceae sp.,1,5,,
199,III,76,5.6,Avena sp.,7,33,2,
200,III,164,47.4,Cruciferae sp.-seed,1,0.6,,
200,III,164,47.4,Pistacia cf. lentiscus,40,23,,
200,III,164,47.4,Lens sp.,42,25,,
200,III,164,47.4,small Leguminosae,3,2,,
200,III,164,47.4,Prunus amygdalus,29,17,,
200,III,164,47.4,Pyrus amygdalifonnis,4,2,,
200,III,164,47.4,Liliaceae sp.,7,4,,
200,III,164,47.4,cf. Colchicum/Polygonatum,2,1,,
200,III,164,47.4,Avena sp.,41,24,,
200,III,164,47.4,Hordeum vulgare ssp. Spontaneum,1,0.1,3,
201,III,84,85.9,Cruciferae sp.-seeds,3,0.6,,
201,III,84,85.9,Capparis sp.,5,1,,
201,III,84,85.9,Pistacia cf. lentiscus,201,41,,
201,III,84,85.9,Vicia/Lathyrus sp. no. 1,2,0.4,,
201,III,84,85.9,Lens sp.,71,14,,
201,III,84,85.9,Pisum/Vicia sp.,1,0.2,,
201,III,84,85.9,Prunus amygdalus,87,18,,
201,III,84,85.9,Pyrus amygdaliformis,14,3,,
201,III,84,85.9,Liliaceae sp.,17,3,,
201,III,84,85.9,cf. Colchicum/Polygonatum,17,3,,
201,III,84,85.9,Avena sp.,74,15,,
201,III,84,85.9,Hordeum vulgare ssp. Spontaneum,,,2,
202,III,93,32.8,Cruciferae sp.-seeds,2,0.9,,
202,III,93,32.8,Capparis sp.,4,2,,
202,III,93,32.8,Pistacia cf. lentiscus,99,44,,
202,III,93,32.8,Lens sp.,40,18,,
202,III,93,32.8,large Pisum sp.,1,0.4,,
202,III,93,32.8,Medicago sp.,2,0.9,,
202,III,93,32.8,small Leguminosae,2,0.9,,
202,III,93,32.8,large Leguminosae,1,0.4,,
202,III,93,32.8,Prunus amygdalus,17,7,,
202,III,93,32.8,Pyrus amygdaliformis,2,0.9,,
202,III,93,32.8,Alkanna sp.,1,0.4,,
202,III,93,32.8,Monocotyledooae capsules,2,0.9,,
202,III,93,32.8,Liliaceae sp.,2,0.9,,
202,III,93,32.8,cf. Colchicum/Polygonatum,1,0.4,,
202,III,93,32.8,Phalaris sp.,2,0.9,,
202,III,93,32.8,Avena sp.,48,21,,
202,III,93,32.8,Hordeum vulgare ssp. Spontaneum,1,0.4,2,
203,III,52,28.3,Adonis sp.,1,0.7,,
203,III,52,28.3,Fumaria sp.,1,0.7,,
203,III,52,28.3,Cruciferae sp.-seeds,2,1,,
203,III,52,28.3,Pistacia cf. lentiscus,56,39,,
203,III,52,28.3,ViciaiLatllyrus sp. no. 1,5,3,-1,
203,III,52,28.3,Lens sp.,25,18,,
203,III,52,28.3,small Lathyrus sp.,1,0.7,,
203,III,52,28.3,large Pisum sp.,1,0.7,,
203,III,52,28.3,Medicago sp.,1,0.7,,
203,III,52,28.3,Prunus amygdalus,20,14,,
203,III,52,28.3,Pyrus amygdaliformis,6,4,,
203,III,52,28.3,Alkanna sp.,1,0.7,,
203,III,52,28.3,Liliaceae sp.,2,1,,
203,III,52,28.3,cf. Colchicum/Polygonatum,2,1,,
203,III,52,28.3,Avena sp.,18,13,21,
204,III,36,17.8,Fumaria sp.,1,3,,
204,III,36,17.8,Pistacia cf. lentiscus,14,39,,
204,III,36,17.8,Medicago sp.,2,5,,
204,III,36,17.8,medium Leguminosae,1,3,,
204,III,36,17.8,Prunus amygdalus,13,36,,
204,III,36,17.8,Pyrus amygdaliformis,,,4,
204,III,36,17.8,Avena sp.,5,14,16,
205,III,85,26,Adonis sp.,1,1,,
205,III,85,26,Cruciferae sp.-seeds,2,2,,
205,III,85,26,Pistacia cf. 1entiscus,31,37,,
205,III,85,26,Lens sp.,11,13,,
205,III,85,26,small Leguminosae,4,5,,
205,III,85,26,Prunus amygdalus,12,14,,
205,III,85,26,Liliaceae sp.,3,3,,
205,III,85,26,cf. Colchicum/Polygonatum,2,2,,
205,III,85,26,Avena sp.,17,20,,
205,III,85,26,Hordeum vulgare ssp. Spontaneum,1,1,,
206,III,21,23.8,Fumaria sp.,1,0.8,,
206,III,21,23.8,Capparis sp.,2,2,,
206,III,21,23.8,Pistacia cf. lentiscus,41,32,,
206,III,21,23.8,Lens sp.,9,7,,
206,III,21,23.8,Medicago sp.,1,0.8,,
206,III,21,23.8,small Leguminosae,4,3,,
206,III,21,23.8,Prunus amygdalus,39,31,,
206,III,21,23.8,Pyrus amygdaliformis,1,0.8,,
206,III,21,23.8,Liliaceae sp.,4,3,,
206,III,21,23.8,cf. Colchicum/Polygonatum,1,0.8,,
206,III,21,23.8,Avena sp.,23,18,2,
207,III,122,53.6,Fumaria sp.,2,0.3,,
207,III,122,53.6,Cruciferae-seeds,5,0.8,,
207,III,122,53.6,Capparis sp.,1,0.1,,
207,III,122,53.6,Pistacia cf. lentiscus,284,43,,
207,III,122,53.6,Lens sp.,72,11,,
207,III,122,53.6,Pisum cf. elatius,1,0.1,,
207,III,122,53.6,small Pisum sp.,2,0.3,,
207,III,122,53.6,large Pisum sp.,3,0.4,,
207,III,122,53.6,Medicago sp.,1,0.1,,
207,III,122,53.6,small Leguminosae,3,0.4,,
207,III,122,53.6,medium Legurninosae,8,1,,
207,III,122,53.6,Prunus amygdalus,67,10,,
207,III,122,53.6,Pyrus amygdaliformis,9,1,,
207,III,122,53.6,Lithospermum arvense,2,0.3,,
207,III,122,53.6,Alkanna sp.,1,0.1,,
207,III,122,53.6,Liliaceae sp.,25,4,,
207,III,122,53.6,cf. Colchicum/Polygonatum,8,1,,
207,III,122,53.6,Phalaris sp.,3,0.4,,
207,III,122,53.6,Avena sp.,160,24,,
207,III,122,53.6,Hordeum vulgare ssp. Spontaneum,,,3,
208,III,69,82.6,Fumaria sp.,2,0.5,,
208,III,69,82.6,Capparis sp.,1,0.3,,
208,III,69,82.6,Malva parviflora,1,0.3,,
208,III,69,82.6,Pistacia cf. lentiscus,100,26,,
208,III,69,82.6,Vicia!Lathyrus sp. no.,3,0.8,,
208,III,69,82.6,Lens sp.,75,18,,
208,III,69,82.6,small Lathyrus sp.,2,0.5,,
208,III,69,82.6,Pisum/Vicia sp.,3,0.8,,
208,III,69,82.6,Pisum cf. elatius,1,0.3,,
208,III,69,82.6,small Leguminosae,3,0.8,,
208,III,69,82.6,medium Leguminosae,2,0.5,,
208,III,69,82.6,Prunus amygdalus,43,11,,
208,III,69,82.6,Pyrus amygdaliformis,3,0.8,,
208,III,69,82.6,Lithospermum arvense,1,0.3,,
208,III,69,82.6,Liliaceae sp.,4,0.1,,
208,III,69,82.6,cf. Colchicum/Polygonatum,2,0.5,,
208,III,69,82.6,Avena sp.,131,35,,
208,III,69,82.6,Hordeum vulgare ssp. Spontaneum,,,9,
209,cleaning unit,,,NA,,,,
210,III,18,30,Adonis sp.,1,0.5,,
210,III,18,30,Pistacia cf. lentiscus,72,37,,
210,III,18,30,ViciaiLathyrus sp. no.,1,0.5,,
210,III,18,30,Lens sp.,18,9,,
210,III,18,30,small Lathyrus sp.,1,0.5,,
210,III,18,30,Pisum/Vicia sp.,2,1,,
210,III,18,30,Medicago sp.,2,1,,
210,III,18,30,medium Leguminosae,8,4,,
210,III,18,30,Prunus amygdalus,28,14,,
210,III,18,30,Pyrus amygdaliformis,1,0.5,,
210,III,18,30,Lithospermum arvense,6,3,,
210,III,18,30,Liliaceae sp.,7,4,,
210,III,18,30,cf. Colchicum/Polygonatum,2,1,,
210,III,18,30,Avena sp.,43,22,,
210,III,18,30,Hordeum vulgare ssp. Spontaneum,2,1,,
211,III,564,381.3,Cruciferae sp.-seeds,2,0.3,,
211,III,564,381.3,Pistacia cf. lentiscus,239,38,,
211,III,564,381.3,Lens sp.,29,5,,
211,III,564,381.3,small Leguminosae,2,0.3,,
211,III,564,381.3,Prunus amygdalus,253,40,,
211,III,564,381.3,Pyrus amygdaliformis,14,2,,
211,III,564,381.3,Galium sp.,1,0.2,,
211,III,564,381.3,Liliaceae sp.,3,0.5,,
211,III,564,381.3,Avena sp.,87,14,,
211,III,564,381.3,Hordeum vulgare ssp. Spontaneum,2,0.3,4,
212,III,564,288.3,Adonis sp.,4,0.5,,
212,III,564,288.3,Fumaria sp.,1,0.1,,
212,III,564,288.3,Cruciferae sp.-seeds,7,0.9,,
212,III,564,288.3,Capparis sp.,11,1,,
212,III,564,288.3,Pistacia cf. lentiscus,373,48,,
212,III,564,288.3,Lens sp.,66,8,,
212,III,564,288.3,small Leguminosae,3,0.4,,
212,III,564,288.3,Prunus amygdalus,77,10,,
212,III,564,288.3,Pyrus amygdaliformis,33,4,,
212,III,564,288.3,Lithospennum arvense,2,0.2,,
212,III,564,288.3,Liliaceae,35,4,,
212,III,564,288.3,cf. Colchicum/Polygonatum,6,0.8,,
212,III,564,288.3,Avena sp.,163,21,,
212,III,564,288.3,Hordeum vulgare ssp. Spontaneum,1,0.1,12,
213,III,46,27.5,Adonis sp.,1,0.8,,
213,III,46,27.5,Fumaria sp.,3,2,,
213,III,46,27.5,Cruciferae sp.-seeds,2,1,,
213,III,46,27.5,Capparis sp.,2,1,,
213,III,46,27.5,Pistacia cf. lentiscus,71,54,,
213,III,46,27.5,Lens sp.,4,3,,
213,III,46,27.5,Prunus amygdalus,17,13,,
213,III,46,27.5,Pyrus amygdalifonnis,17,13,,
213,III,46,27.5,Lithospennum arvense,1,0.8,,
213,III,46,27.5,cf. Colchicum/Polygonatum,1,0.8,,
213,III,46,27.5,Avena sp.,12,9,,
213,III,46,27.5,Hordeum vulgare ssp. Spontaneum,1,0.8,,
214,III,11,12.2,Capparis sp.,2,15,,
214,III,11,12.2,Pistacia cf. lentiscus,3,23,,
214,III,11,12.2,Prunus amygdalus,6,46,,
214,III,11,12.2,Pyrus amygdalifonnis,1,8,,
214,III,11,12.2,Phalaris sp.,1,8,,
214,III,11,12.2,Avena sp.,,,1,
215,III,146,152,Adonis sp.,2,0.5,,
215,III,146,152,Cruciferae sp.-seeds,5,1,,
215,III,146,152,Capparis sp.,8,2,,
215,III,146,152,Pistacia cf. lentiscus,186,45,,
215,III,146,152,Vicia/Lathyrus sp.,4,1,,
215,III,146,152,Lens sp.,27,7,,
215,III,146,152,Pisum/Vicia sp.,1,0.2,,
215,III,146,152,small Leguminosae,3,0.7,,
215,III,146,152,Prunus amygdalus,48,12,,
215,III,146,152,Pyrus amygdaliformis,27,7,,
215,III,146,152,Lithospermum arvense,5,1,,
215,III,146,152,Liliaceae sp.,1,0.2,,
215,III,146,152,Avena sp.,91,22,,
215,III,146,152,Hordeum vulgare ssp. Spontaneum,3,0.7,,
216,III,55,101.4,Adonis sp.,1,0.4,,
216,III,55,101.4,Fumaria sp.,1,0.4,,
216,III,55,101.4,Cruciferae sp.-seeds,2,0.8,,
216,III,55,101.4,Capparis sp.,4,2,,
216,III,55,101.4,Pistacia cf. lentiscus,115,45,,
216,III,55,101.4,Lens sp.,8,3,,
216,III,55,101.4,small Leguminosae,1,0.4,,
216,III,55,101.4,Prunus amygdalus,59,23,,
216,III,55,101.4,Pyrus amygdaliformis,14,5,,
216,III,55,101.4,Lithospermum arvense,23,9,,
216,III,55,101.4,Alkanna sp.,1,0.4,,
216,III,55,101.4,Liliaceae sp.,1,0.4,,
216,III,55,101.4,Avena sp.,26,10,,
217,III,62,28.7,Pistacia cf. lentiscus,69,58,,
217,III,62,28.7,Lens sp.,2,2,,
217,III,62,28.7,Prunus amygdalus,9,7,,
217,III,62,28.7,Pyrus amygdalifonnis,3,2,,
217,III,62,28.7,Lithospennum arvense,21,18,,
217,III,62,28.7,Avena sp.,15,13,,
218,III,176,121.6,Prunus amygdalus,165,100,,
219,III,247,274.9,Adonis sp.,2,0.2,,
219,III,247,274.9,Fumaria sp.,6,0.7,,
219,III,247,274.9,Cruciferae sp.-seeds,2,0.2,,
219,III,247,274.9,Capparis sp.,7,0.8,,
219,III,247,274.9,Malva parviflora,1,0.1,,
219,III,247,274.9,Pistacia cf. lentiscus,527,59,,
219,III,247,274.9,Vicia/Lathyrus sp. no. 1,3,0.3,,
219,III,247,274.9,Lens sp.,13,1,,
219,III,247,274.9,small Lathyrus sp.,1,0.1,,
219,III,247,274.9,small Leguminosae,2,0.2,,
219,III,247,274.9,medium Leguminosae,5,6,,
219,III,247,274.9,Prunus amygdalus,209,23,,
219,III,247,274.9,Pyrus amygdalifonnis,10,1,,
219,III,247,274.9,Lithospennum arvense,3,0.3,,
219,III,247,274.9,Alkanna sp.,3,0.3,,
219,III,247,274.9,Liliaceae sp. Â·,6,0.7,,
219,III,247,274.9,cf. Colchicum/Polygonatum,3,0.3,,
219,III,247,274.9,Hordeum vulgare ssp. Spontaneum,2,0.2,,
220,III,19,13.6,Adonis sp.,1,1,,
220,III,19,13.6,Cruciferae sp.-seed,1,1,,
220,III,19,13.6,Pistacia cf. lentiscus,57,58,,
220,III,19,13.6,Lens sp.,4,4,,
220,III,19,13.6,Medicago sp.,1,1,,
220,III,19,13.6,small Leguminosae,1,1,,
220,III,19,13.6,Prunus amygdalus,8,8,,
220,III,19,13.6,Pyrus amygdalifonnis,2,2,,
220,III,19,13.6,Liliaceae sp.,1,1,,
220,III,19,13.6,cf. Colchicum/Polygonatum,1,1,,
220,III,19,13.6,Avena sp.,21,21,,
221,III,317,192.1,Adonis sp.,4,0.5,,
221,III,317,192.1,Fumaria sp.,7,0.9,,
221,III,317,192.1,Cruciferae sp.-seeds,3,0.4,,
221,III,317,192.1,Capparis sp.,15,2,,
221,III,317,192.1,Polygonum sp.,1,0.1,,
221,III,317,192.1,Malva parviflora,1,0.1,,
221,III,317,192.1,Erodium sp.,1,0.1,,
221,III,317,192.1,Pistacia cf. lentiscus,378,50,,
221,III,317,192.1,Lens sp.,19,2,,
221,III,317,192.1,small Lathyrus sp.,1,0.1,,
221,III,317,192.1,Pisum cf. elatius,1,0.1,,
221,III,317,192.1,medium Leguminosae,17,2,,
221,III,317,192.1,Prunus amygdalus,108,14,,
221,III,317,192.1,Pyrus amygdalifonnis,24,3,,
221,III,317,192.1,Liliaceae sp.,18,2,,
221,III,317,192.1,cf. Colchicum/Polygonatum,1,0.1,,
221,III,317,192.1,Phalaris sp.,2,0.3,,
221,III,317,192.1,Avena sp.,145,19,,
221,III,317,192.1,Hordeum vulgare ssp. Spontaneum,2,0.3,,
222,III,599,204.6,Adonis sp.,2,0.7,,
222,III,599,204.6,Fumaria sp.,5,2,,
222,III,599,204.6,Cruciferae sp.-seeds,7,5,,
222,III,599,204.6,Capparis sp.,15,5,,
222,III,599,204.6,Malva parviflora,1,0.3,,
222,III,599,204.6,Pistacia cf. lentiscus,69,23,,
222,III,599,204.6,Lens sp.,21,7,,
222,III,599,204.6,Medicago sp.,2,0.7,,
222,III,599,204.6,Prunus amygdalus,18,6,,
222,III,599,204.6,Pyrus amygdalifonnis,32,11,,
222,III,599,204.6,Liliaceae sp.,11,4,,
222,III,599,204.6,Avena sp.,110,37,,
222,III,599,204.6,Hordeum vulgare ssp. Spontaneum,,,1,
223,cleaning unit,,,NA,,,,
224,Ill,176,132.2,Adonis sp.,2,0.6,,
224,Ill,176,132.2,Fumaria sp.,1,0.3,,
224,Ill,176,132.2,Cruciferae sp.-seeds,4,1,,
224,Ill,176,132.2,Capparis sp.,8,2,,
224,Ill,176,132.2,Pistacia cf. lentiscus,147,44,,
224,Ill,176,132.2,Vicia/Lathyrus sp. no. 1,1,0.3,,
224,Ill,176,132.2,Lens sp.,4,1,,
224,Ill,176,132.2,medium Leguminosae,5,1,,
224,Ill,176,132.2,Prunus amygdalus,62,18,,
224,Ill,176,132.2,Pyrus amygdalifonnis,37,11,,
224,Ill,176,132.2,Lithospennum arvense,2,0.6,,
224,Ill,176,132.2,Liliaceae sp.,3,0.9,,
224,Ill,176,132.2,cf. Colchicum/Polygonatum,1,0.3,,
224,Ill,176,132.2,Avena sp.,59,18,,
224,Ill,176,132.2,Hordeum vulgare ssp. Spontaneum,,,8,
225,Ill,31,27.6,Cruciferae sp. -seed,1,2,,
225,Ill,31,27.6,Pistacia cf. lentiscus,21,34,,
225,Ill,31,27.6,Lens sp.,3,5,,
225,Ill,31,27.6,Medicago sp.,1,2,,
225,Ill,31,27.6,Prunus amygdalus,15,25,,
225,Ill,31,27.6,Pyrus amygdalifonnis,8,13,,
225,Ill,31,27.6,Liliaceae sp.,2,3,,
225,Ill,31,27.6,Avena sp.,10,16,,
226,Ill,220,182.9,Adonis sp.,1,0.2,,
226,Ill,220,182.9,Fumaria sp.,1,0.2,,
226,Ill,220,182.9,Cruciferae sp.-seed,1,0.2,,
226,Ill,220,182.9,Capparis sp.,6,1,,
226,Ill,220,182.9,Pistacia cf. lentiscus,275,53,,
226,Ill,220,182.9,Lens sp.,12,2,,
226,Ill,220,182.9,medium Leguminosae,1,0.2,,
226,Ill,220,182.9,Prunus amygdalus,80,15,,
226,Ill,220,182.9,Pyrus amygdalifonnis,52,10,,
226,Ill,220,182.9,Lithospermum arvense,1,0.2,,
226,Ill,220,182.9,Celtis cf. tournifortii,1,0.2,,
226,Ill,220,182.9,Liliaceae sp.,3,0.6,,
226,Ill,220,182.9,Avena sp.,82,16,,
226,Ill,220,182.9,Hordeum vulgare ssp. Spontaneum,,,2,
227,Ill,25,20.3,Pistacia cf. lentiscus,15,47,,
227,Ill,25,20.3,Prunus amygdalus,4,12,,
227,Ill,25,20.3,Pyrus amygdaliformis,9,28,,
227,Ill,25,20.3,Liliaceae sp.,1,3,,
227,Ill,25,20.3,Avena sp.,3,9,1,
228,Ill,54,50.6,Cruciferae sp.-seed,1,2,,
228,Ill,54,50.6,Pistacia cf. lentiscus,42,61,,
228,Ill,54,50.6,Lens sp.,2,3,,
228,Ill,54,50.6,Medicago sp.,1,1,,
228,Ill,54,50.6,Prunus amygdalus,16,23,,
228,Ill,54,50.6,Pyrus amygdalifonnis,4,6,,
228,Ill,54,50.6,Avena sp.,3,4,,
229,Ill,250,127.1,Cruciferae sp.- seed,1,0.5,,
229,Ill,250,127.1,Capparis sp.,5,3,,
229,Ill,250,127.1,Pistacia cf. lentiscus,88,48,,
229,Ill,250,127.1,Prunus amygdalus,55,30,,
229,Ill,250,127.1,Lithospermum arvense,1,0.5,,
229,Ill,250,127.1,Alkanna sp.,1,0.5,,
229,Ill,250,127.1,Celtis cf. tournifortii,1,0.5,,
229,Ill,250,127.1,Avena,33,18,,
230,Ill,529,491.3,Fumaria sp.,1,0.2,,
230,Ill,529,491.3,Cruciferae sp.-seeds,4,0.6,,
230,Ill,529,491.3,Capparis sp.,2,0.3,,
230,Ill,529,491.3,Pistacia cf. 1entiscus,355,56,,
230,Ill,529,491.3,Lens sp.,9,1,,
230,Ill,529,491.3,small Leguminosae,2,0.3,,
230,Ill,529,491.3,Prunus amygdalus,180,28,,
230,Ill,529,491.3,Pyrus amygdaliformis,41,6,,
230,Ill,529,491.3,Alkanna sp.,3,0.5,,
230,Ill,529,491.3,Liliaceae sp.,4,0.6,,
230,Ill,529,491.3,Avena sp.,33,5,,
230,Ill,529,491.3,Hordeum vulgare ssp. Spontaneum,2,0.3,,
,,,,,,,,
,,,,,,,,
,,,,,,,,
,,,,,,,,
,,,,,,,,
,,,,,,,,
,,,,,,,,
,,,,,,,,
,,,,,,,,
,,,,,,,,
,,,,,,,,
,,,,,,,,
,,,,,,,,
,,,,,,,,
,,,,,,,,
,,,,,,,,
,,,,,,,,
,,,,,,,,
,,,,,,,,
,,,,,,,,